Survived,Pclass,Sex,SibSp,Parch,FamilySize,Embarked_Q,Embarked_S,Title_Master,Title_Miss,Title_Mr,Title_Mrs,Title_Other,Title_Rev,Ticket_first_letter_2,Ticket_first_letter_3,Ticket_first_letter_4,Ticket_first_letter_6,Ticket_first_letter_7,Ticket_first_letter_X,Cabin_First_B,Cabin_First_C,Cabin_First_D,Cabin_First_E,Cabin_First_F,Cabin_First_N,Age,Fare
0,3,0,1,0,2,0,1,0,0,1,0,0,0,0,0,0,0,0,1,0,0,0,0,0,1,-0.5655874785607108,-0.5024451714361923
1,1,1,1,0,2,0,0,0,0,0,1,0,0,0,0,0,0,0,1,0,1,0,0,0,0,0.6242286550327536,0.7868452935884461
1,3,1,0,0,1,0,1,0,1,0,0,0,0,0,0,0,0,0,1,0,0,0,0,0,1,-0.2681334451623447,-0.4888542575852486
1,1,1,1,0,2,0,1,0,0,0,1,0,0,0,0,0,0,0,0,0,1,0,0,0,0,0.401138129983979,0.4207302360686478
0,3,0,0,0,1,0,1,0,0,1,0,0,0,0,1,0,0,0,0,0,0,0,0,0,1,0.401138129983979,-0.4863374216869257
0,3,0,0,0,1,1,0,0,0,1,0,0,0,0,1,0,0,0,0,0,0,0,0,0,1,0.2449747624498367,-0.47811642890864375
0,1,0,0,0,1,0,1,0,0,1,0,0,0,0,0,0,0,0,0,0,0,0,1,0,0,1.8140447886262179,0.395813560675251
0,3,0,3,1,5,0,1,1,0,0,0,0,0,0,1,0,0,0,0,0,0,0,0,0,1,-2.052857645552541,-0.22408312108167944
1,3,1,0,2,3,0,1,0,0,0,1,0,0,0,1,0,0,0,0,0,0,0,0,0,1,-0.19376993681275317,-0.4242561406845337
1,2,1,1,0,2,0,0,0,0,0,1,0,0,1,0,0,0,0,0,0,0,0,0,0,1,-1.160495545357443,-0.04295550208861426
1,3,1,1,1,3,0,1,0,1,0,0,0,0,0,0,0,0,0,1,0,1,0,0,0,0,-1.9041306288533582,-0.312172377522981
1,1,1,0,0,1,0,1,0,1,0,0,0,0,0,0,0,0,0,0,0,1,0,0,0,0,2.111498822024584,-0.11384570873513637
0,3,0,0,0,1,0,1,0,0,1,0,0,0,0,0,0,0,0,1,0,0,0,0,0,1,-0.7143144952598939,-0.4863374216869257
0,3,0,1,5,7,0,1,0,0,1,0,0,0,0,1,0,0,0,0,0,0,0,0,0,1,0.6985921633823451,-0.01870931177853076
0,3,1,0,0,1,0,1,0,1,0,0,0,0,0,1,0,0,0,0,0,0,0,0,0,1,-1.160495545357443,-0.4902797934380587
1,2,1,0,0,1,0,1,0,0,0,1,0,0,1,0,0,0,0,0,0,0,0,0,0,1,1.8884082969758094,-0.3262666585535892
0,3,0,4,1,6,1,0,1,0,0,0,0,0,0,1,0,0,0,0,0,0,0,0,0,1,-2.052857645552541,-0.06199888922968463
1,2,0,0,0,1,0,1,0,0,1,0,0,0,1,0,0,0,0,0,0,0,0,0,0,1,0.2449747624498367,-0.3866707201133388
0,3,1,1,0,2,0,1,0,0,0,1,0,0,0,1,0,0,0,0,0,0,0,0,0,1,0.10368409658561291,-0.2859972841804228
1,3,1,0,0,1,0,0,0,0,0,1,0,0,1,0,0,0,0,0,0,0,0,0,0,1,0.008498805898135677,-0.5029485386158568
0,2,0,0,0,1,0,1,0,0,1,0,0,0,1,0,0,0,0,0,0,0,0,0,0,1,0.401138129983979,-0.12491978668775715
1,2,0,0,0,1,0,1,0,0,1,0,0,0,1,0,0,0,0,0,0,0,1,0,0,0,0.3267746216343875,-0.3866707201133388
1,3,1,0,0,1,1,0,0,1,0,0,0,0,0,1,0,0,0,0,0,0,0,0,0,1,-1.0861320370078515,-0.4867562231804066
1,1,0,0,0,1,0,1,0,0,1,0,0,0,0,0,0,0,0,0,0,0,0,0,0,0,-0.11940642846316166,0.06635974158478332
0,3,1,3,1,5,0,1,0,1,0,0,0,0,0,1,0,0,0,0,0,0,0,0,0,1,-1.6066765954549922,-0.22408312108167944
1,3,1,1,5,7,0,1,0,0,0,1,0,0,0,1,0,0,0,0,0,0,0,0,0,1,0.6242286550327536,-0.016444159470040135
0,3,0,0,0,1,0,0,0,0,1,0,0,0,1,0,0,0,0,0,0,0,0,0,0,1,0.2449747624498367,-0.5029485386158568
0,1,0,3,2,6,0,1,0,0,1,0,0,0,0,0,0,0,0,0,0,1,0,0,0,0,-0.7886780036094854,4.647001076532463
1,3,1,0,0,1,1,0,0,1,0,0,0,0,0,1,0,0,0,0,0,0,0,0,0,1,-0.13874094063405557,-0.48977642625839407
0,3,0,0,0,1,0,1,0,0,1,0,0,0,0,1,0,0,0,0,0,0,0,0,0,1,0.2449747624498367,-0.4894421904510968
0,1,0,0,0,1,0,0,0,0,0,0,1,0,0,0,0,0,0,1,0,0,0,0,0,1,0.7729556717319366,-0.09027201697708476
1,1,1,1,0,2,0,0,0,0,0,1,0,0,0,0,0,0,0,1,1,0,0,0,0,0,0.14607129634488009,2.301728820789
1,3,1,0,0,1,1,0,0,1,0,0,0,0,0,1,0,0,0,0,0,0,0,0,0,1,-0.13874094063405557,-0.49237782784290063
0,2,0,0,0,1,0,1,0,0,1,0,0,0,0,0,0,0,0,1,0,0,0,0,0,1,2.7064068888213164,-0.43700743807979686
0,1,0,1,0,2,0,0,0,0,1,0,0,0,0,0,0,0,0,1,0,0,0,0,0,1,-0.11940642846316166,1.0060617003323709
0,1,0,1,0,2,0,1,0,0,1,0,0,0,0,0,0,0,0,0,0,0,0,0,0,1,0.9216826884311197,0.39858208016340624
1,3,0,0,0,1,0,0,0,0,1,0,0,0,1,0,0,0,0,0,0,0,0,0,0,1,0.2449747624498367,-0.5028639729296732
0,3,0,0,0,1,0,1,0,0,1,0,0,0,0,0,0,0,0,1,0,0,0,0,0,1,-0.6399509869103023,-0.4863374216869257
0,3,1,2,0,3,0,1,0,1,0,0,0,0,0,1,0,0,0,0,0,0,0,0,0,1,-0.8630415119590769,-0.2859972841804228
1,3,1,1,0,2,0,0,0,1,0,0,0,0,1,0,0,0,0,0,0,0,0,0,0,1,-1.160495545357443,-0.42207354059350805
0,3,1,1,0,2,0,1,0,0,0,1,0,0,0,0,0,0,1,0,0,0,0,0,0,1,0.7729556717319366,-0.4576454924460446
0,2,1,1,0,2,0,1,0,0,0,1,0,0,0,0,0,0,0,0,0,0,0,0,0,1,-0.19376993681275317,-0.22559322262067316
0,3,0,0,0,1,0,0,0,0,1,0,0,0,0,1,0,0,0,0,0,0,0,0,0,1,0.2449747624498367,-0.4894421904510968
1,2,1,1,2,4,0,0,0,1,0,0,0,0,0,0,0,0,0,1,0,0,0,0,0,1,-1.9784941372029496,0.18876253192945994
1,3,1,0,0,1,1,0,0,1,0,0,0,0,0,1,0,0,0,0,0,0,0,0,0,1,-0.7886780036094854,-0.48977642625839407
0,3,0,0,0,1,0,1,0,0,1,0,0,0,0,0,0,0,0,1,0,0,0,0,0,1,0.2449747624498367,-0.4863374216869257
0,3,0,1,0,2,1,0,0,0,1,0,0,0,0,1,0,0,0,0,0,0,0,0,0,1,0.20110029252357797,-0.3363340021468808
1,3,1,0,0,1,1,0,0,0,0,0,0,0,0,0,0,0,0,0,0,0,0,0,0,1,-0.13874094063405557,-0.49237782784290063
0,3,0,2,0,3,0,0,0,0,1,0,0,0,1,0,0,0,0,0,0,0,0,0,0,1,0.11706952808853936,-0.21191774308354583
0,3,1,1,0,2,0,1,0,0,0,1,0,0,0,1,0,0,0,0,0,0,0,0,0,1,-0.8630415119590769,-0.29002422161773944
0,3,0,4,1,6,0,1,1,0,0,0,0,0,0,1,0,0,0,0,0,0,0,0,0,1,-1.6810401038045837,0.1506737441786005
0,3,0,0,0,1,0,1,0,0,1,0,0,0,0,0,0,0,0,1,0,0,0,0,0,1,-0.6399509869103023,-0.4913710934835715
1,1,1,1,0,2,0,0,0,0,0,1,0,0,0,0,0,0,0,1,0,0,1,0,0,0,1.4422272468782604,0.8964967865378598
1,2,1,1,0,2,0,1,0,0,0,1,0,0,1,0,0,0,0,0,0,0,0,0,0,1,-0.04504292011357013,-0.12491978668775715
0,1,0,0,1,2,0,0,0,0,1,0,0,0,0,0,0,0,0,0,1,0,0,0,0,0,2.6320433804717247,0.5995101505357573
1,1,0,0,0,1,0,1,0,0,1,0,0,0,0,0,0,0,0,0,0,1,0,0,0,0,0.2449747624498367,0.06635974158478332
1,2,1,0,0,1,0,1,0,1,0,0,0,0,0,0,0,0,0,1,0,0,0,0,0,1,-0.6399509869103023,-0.43700743807979686
0,3,0,0,0,1,0,0,0,0,1,0,0,0,1,0,0,0,0,0,0,0,0,0,0,1,-0.0822246742883659,-0.5028639729296732
1,2,1,1,2,4,0,1,0,1,0,0,0,0,0,0,0,0,0,1,0,0,0,0,0,1,-1.8297671205037667,-0.08968408411123653
0,3,0,5,2,8,0,1,1,0,0,0,0,0,0,0,0,0,0,1,0,0,0,0,0,1,-1.3835860704062175,0.2958951755118318
0,3,0,0,0,1,0,0,0,0,1,0,0,0,1,0,0,0,0,0,0,0,0,0,0,1,-0.5655874785607108,-0.5028639729296732
1,1,1,0,0,1,0,1,0,1,0,0,0,0,0,0,0,0,0,0,1,0,0,0,0,0,0.6242286550327536,0.962353321387736
0,1,0,1,0,2,0,1,0,0,1,0,0,0,0,1,0,0,0,0,0,1,0,0,0,0,1.1447732134798942,1.0323213593611125
0,3,0,3,2,6,0,1,1,0,0,0,0,0,0,1,0,0,0,0,0,0,0,0,0,1,-1.9041306288533582,-0.08666388103324908
0,1,0,0,0,1,0,0,0,0,1,0,0,0,0,0,0,0,0,1,0,0,0,0,0,1,0.2449747624498367,-0.09027201697708476
1,3,0,1,1,3,0,0,1,0,0,0,0,0,1,0,0,0,0,0,0,0,0,0,0,1,-1.861743429094091,-0.3414522396297103
1,2,1,0,0,1,0,1,0,0,0,1,0,0,0,0,0,0,0,1,0,0,0,0,1,0,-0.04504292011357013,-0.43700743807979686
0,3,0,0,0,1,0,1,0,0,1,0,0,0,0,0,0,0,0,1,0,0,0,0,0,1,-0.7886780036094854,-0.4841568350646187
1,3,1,4,2,7,0,1,0,1,0,0,0,0,0,1,0,0,0,0,0,0,0,0,0,1,-0.9374050203086685,-0.4888542575852486
0,3,0,2,0,3,0,1,0,0,1,0,0,0,0,1,0,0,0,0,0,0,0,0,0,1,-0.2681334451623447,-0.47400492578514347
0,2,0,0,0,1,0,1,0,0,1,0,0,0,0,0,0,0,0,1,0,0,0,0,0,1,0.17804760493520444,-0.43700743807979686
0,3,1,5,2,8,0,1,0,1,0,0,0,0,0,0,0,0,0,1,0,0,0,0,0,1,-1.0117685286582598,0.2958951755118318
0,2,0,0,0,1,0,1,0,0,1,0,0,0,0,0,0,0,0,1,0,0,0,0,0,1,-0.6399509869103023,0.8314778546749452
0,3,0,1,0,2,0,0,0,0,1,0,0,0,1,0,0,0,0,0,0,0,0,0,0,1,-0.2681334451623447,-0.3573908580066095
1,3,0,0,0,1,0,1,0,0,1,0,0,0,0,0,0,0,0,0,0,0,0,0,0,1,0.17804760493520444,0.48910360681684706
0,3,0,0,0,1,0,1,0,0,1,0,0,0,0,1,0,0,0,0,0,0,0,0,1,0,-0.3424969535119362,-0.494391296561559
0,3,0,0,0,1,0,1,0,0,1,0,0,0,0,1,0,0,0,0,0,0,0,0,0,1,0.2449747624498367,-0.4894421904510968
0,3,0,0,0,1,0,1,0,0,1,0,0,0,0,1,0,0,0,0,0,0,0,0,0,1,0.2449747624498367,-0.4863374216869257
1,2,0,0,2,3,0,1,1,0,0,0,0,0,1,0,0,0,0,0,0,0,0,0,0,1,-2.1398629503215636,-0.06451572512800753
1,3,1,0,0,1,0,1,0,1,0,0,0,0,0,1,0,0,0,0,0,0,0,0,0,1,0.029320588236021388,-0.397241430886295
0,3,0,0,0,1,0,1,0,0,1,0,0,0,0,1,0,0,0,0,0,0,0,0,0,1,-0.5655874785607108,-0.46720946885967163
1,3,0,0,0,1,0,1,0,0,1,0,0,0,0,1,0,0,0,0,0,0,0,0,0,1,-0.04504292011357013,-0.45714212526638004
1,3,1,0,0,1,1,0,0,1,0,0,0,0,0,1,0,0,0,0,0,0,0,0,0,1,-0.13874094063405557,-0.49162277707340374
0,1,0,0,0,1,0,1,0,0,1,0,0,0,0,0,0,0,0,0,0,0,0,0,0,1,-0.11940642846316166,0.29992211294914856
1,2,1,0,0,1,0,1,0,1,0,0,0,0,0,0,0,0,0,1,0,0,0,0,0,1,-0.9374050203086685,-0.43700743807979686
1,3,1,3,0,4,0,1,0,0,0,1,0,0,0,1,0,0,0,0,0,0,0,0,0,1,0.25241111328479593,-0.32928686163157667
0,3,0,1,3,5,0,1,0,0,1,0,0,0,0,0,0,0,0,1,0,0,0,0,0,1,-1.0117685286582598,0.04370821849987721
0,3,0,0,0,1,0,1,0,0,1,0,0,0,0,0,0,0,0,1,0,0,0,0,0,1,0.2449747624498367,-0.4863374216869257
1,1,1,3,2,6,0,1,0,1,0,0,0,0,0,0,0,0,0,0,0,1,0,0,0,0,-0.4912239702111193,4.647001076532463
0,3,0,0,0,1,0,1,0,0,1,0,0,0,0,1,0,0,0,0,0,0,0,0,0,1,-0.41686046186152775,-0.4863374216869257
0,3,0,0,0,1,0,1,0,0,1,0,0,0,0,1,0,0,0,0,0,0,0,0,0,1,-0.04504292011357013,-0.4863374216869257
0,3,0,0,0,1,0,1,0,0,1,0,0,0,0,1,0,0,0,0,0,0,0,0,0,1,-0.7143144952598939,-0.4902797934380587
0,1,0,1,0,2,0,1,0,0,1,0,0,0,0,0,0,0,0,1,0,0,0,1,0,0,1.2191367218294857,0.5833178351003071
0,3,0,1,2,4,0,1,0,0,1,0,0,0,0,0,0,0,0,1,0,0,0,0,0,1,-0.2681334451623447,-0.23415046467497105
0,3,0,0,0,1,0,1,0,0,1,0,0,0,0,1,0,0,0,0,0,0,0,0,0,1,2.1858623303741758,-0.5024451714361923
0,3,0,0,0,1,0,1,0,0,1,0,0,0,0,1,0,0,0,0,0,0,0,0,0,1,0.2449747624498367,-0.4863374216869257
0,1,0,0,0,1,0,0,0,0,1,0,0,0,0,0,0,0,0,1,0,0,0,0,0,0,3.0782244305692736,0.0493298231623713
1,1,0,0,1,2,0,0,0,0,1,0,0,0,0,0,0,0,0,1,0,0,1,0,0,0,-0.4912239702111193,0.6272778976347743
1,2,1,0,1,2,0,1,0,0,0,1,0,0,1,0,0,0,0,0,0,0,0,0,0,1,0.3267746216343875,-0.18532384824750675
0,2,0,1,0,2,0,1,0,0,1,0,0,0,1,0,0,0,0,0,0,0,0,0,0,1,0.3267746216343875,-0.12491978668775715
0,3,1,0,0,1,0,1,0,1,0,0,0,0,0,1,0,0,0,0,0,0,0,0,0,1,-0.11940642846316166,-0.4894421904510968
0,3,0,0,0,1,0,1,0,0,1,0,0,0,0,1,0,0,0,0,0,0,0,0,0,1,0.2449747624498367,-0.4894421904510968
0,1,0,0,1,2,0,1,0,0,1,0,0,0,0,1,0,0,0,0,0,0,1,0,0,0,-0.6399509869103023,0.907737982394129
0,3,0,0,0,1,0,1,0,0,1,0,0,0,0,0,0,0,1,0,0,0,0,0,0,1,0.25241111328479593,-0.4741720436887921
0,3,0,2,0,3,0,1,0,0,1,0,0,0,0,1,0,0,0,0,0,0,0,0,0,1,0.549865146683162,-0.4888542575852486
0,3,0,0,0,1,0,1,0,0,1,0,0,0,0,1,0,0,0,0,0,0,0,0,0,1,-0.11940642846316166,-0.4894421904510968
1,3,1,0,0,1,0,1,0,1,0,0,0,0,0,1,0,0,0,0,0,0,0,0,0,1,-0.6399509869103023,-0.494391296561559
1,3,0,0,0,1,0,1,0,0,1,0,0,0,0,1,0,0,0,0,0,0,0,0,0,1,0.2449747624498367,-0.4918744606632361
0,3,0,0,0,1,0,1,0,0,1,0,0,0,0,1,0,0,0,0,0,0,0,0,0,1,0.6242286550327536,-0.4894421904510968
1,3,1,1,0,2,1,0,0,1,0,0,0,0,0,1,0,0,0,0,0,0,0,0,0,1,-0.06660833753495161,-0.1621689579829361
0,1,0,0,0,1,0,1,0,0,1,0,0,0,0,0,0,0,0,0,0,1,0,0,0,0,1.2935002301790772,0.39858208016340624
0,3,1,1,0,2,0,0,0,1,0,0,0,0,1,0,0,0,0,0,0,0,0,0,0,1,-1.1233137911826472,-0.3573908580066095
0,3,0,0,0,1,0,1,0,0,1,0,0,0,0,1,0,0,0,0,0,0,0,0,0,1,-0.5655874785607108,-0.4863374216869257
0,3,1,1,0,2,0,1,0,1,0,0,0,0,0,0,1,0,0,0,0,0,0,0,0,1,-0.7143144952598939,-0.4505983519307405
0,3,1,0,0,1,0,0,0,1,0,0,0,0,1,0,0,0,0,0,0,0,0,0,0,1,-0.9374050203086685,-0.3573083057891445
0,3,0,0,0,1,0,1,0,0,1,0,0,0,0,0,0,0,0,1,0,0,0,0,0,1,-0.6399509869103023,-0.4888542575852486
0,3,0,0,0,1,1,0,0,0,1,0,0,0,0,1,0,0,0,0,0,0,0,0,0,1,3.0410426763944782,-0.49237782784290063
0,2,0,1,0,2,0,1,0,0,1,0,0,0,0,0,0,0,0,0,0,0,0,0,0,1,-0.04504292011357013,-0.22559322262067316
0,1,0,0,1,2,0,0,0,0,1,0,0,0,0,0,0,0,0,1,1,0,0,0,0,0,-0.41686046186152775,4.335332226633905
0,3,1,4,2,7,0,1,0,1,0,0,0,0,0,1,0,0,0,0,0,0,0,0,0,1,-2.052857645552541,-0.01870931177853076
0,2,0,2,0,3,0,1,0,0,1,0,0,0,0,0,0,0,0,1,0,0,0,0,0,1,-0.6399509869103023,0.8314778546749452
0,3,0,0,0,1,0,1,0,0,1,0,0,0,0,0,0,0,0,1,0,0,0,0,0,1,0.2449747624498367,-0.4863374216869257
0,2,0,1,0,2,0,0,0,0,1,0,0,0,1,0,0,0,0,0,0,0,0,0,0,1,0.21522935911000018,-0.04295550208861426
1,2,1,0,0,1,0,1,0,1,0,0,0,0,1,0,0,0,0,0,0,0,0,1,0,0,0.21522935911000018,-0.3866707201133388
0,1,0,0,1,2,0,1,0,0,1,0,0,0,0,1,0,0,0,0,0,0,1,0,0,0,1.8140447886262179,0.907737982394129
1,3,0,1,0,2,0,0,1,0,0,0,0,0,1,0,0,0,0,0,0,0,0,0,0,1,-1.309222562056626,-0.42207354059350805
0,3,0,0,0,1,1,0,0,0,1,0,0,0,0,1,0,0,0,0,0,0,0,0,0,1,0.2449747624498367,-0.49237782784290063
1,3,0,0,0,1,0,1,0,0,1,0,0,0,0,0,0,0,0,1,0,0,0,0,0,1,-0.41686046186152775,-0.5046257580584992
1,3,1,1,1,3,0,0,0,1,0,0,0,0,1,0,0,0,0,0,0,0,0,0,1,0,-1.309222562056626,-0.19824427701513722
0,3,0,0,0,1,0,1,0,0,1,0,0,0,0,1,0,0,0,0,0,0,0,0,0,1,1.1447732134798942,-0.5079822104125026
0,3,0,0,0,1,0,0,0,0,0,0,0,0,0,1,0,0,0,0,0,0,0,0,0,1,0.25241111328479593,-0.4894421904510968
0,3,0,0,0,1,0,1,0,0,1,0,0,0,0,0,0,0,0,1,0,0,0,0,0,1,-0.7143144952598939,-0.5064721088735089
0,3,1,1,0,2,0,1,0,0,0,1,0,0,0,0,0,0,0,1,0,0,0,0,0,1,1.2935002301790772,-0.35646868933346404
1,2,1,1,0,2,0,1,0,0,0,1,0,0,1,0,0,0,0,0,0,0,0,0,0,1,-0.04504292011357013,-0.12491978668775715
0,2,0,0,0,1,0,1,0,0,1,0,0,0,0,0,0,0,0,1,0,0,0,0,0,1,-0.3424969535119362,-0.3866707201133388
0,2,0,0,0,1,0,0,0,0,1,0,0,0,0,0,0,0,0,1,0,0,0,0,0,1,-0.4912239702111193,-0.3454791770670269
1,1,1,0,2,3,0,1,0,1,0,0,0,0,0,0,0,0,0,0,0,0,1,0,0,0,-0.7886780036094854,-0.11921562980779811
0,1,0,1,0,2,0,1,0,0,1,0,0,0,0,0,0,0,0,0,0,1,0,0,0,0,0.549865146683162,0.4207302360686478
0,3,0,0,0,1,0,1,0,0,1,0,0,0,0,0,0,0,1,0,0,0,0,0,0,1,-1.0117685286582598,-0.4628462821463391
0,1,0,0,0,1,0,0,0,0,1,0,0,0,0,0,0,0,0,1,1,0,0,0,0,0,-0.41686046186152775,0.9462455716384695
0,3,1,0,2,3,0,0,0,0,0,1,0,0,1,0,0,0,0,0,0,0,0,0,0,1,-0.6823381866695695,-0.3414522396297103
1,3,1,0,0,1,0,1,0,1,0,0,0,0,0,1,0,0,0,0,0,0,0,0,0,1,-0.5655874785607108,-0.49237782784290063
1,3,1,1,0,2,0,1,0,0,0,1,0,0,0,0,0,0,0,1,0,0,0,0,0,1,-0.41686046186152775,-0.32928686163157667
0,3,0,0,0,1,1,0,0,0,1,0,0,0,0,1,0,0,0,0,0,0,0,0,0,1,-0.7886780036094854,-0.5125125150294839
0,2,0,0,0,1,0,1,0,0,1,0,0,0,1,0,0,0,0,0,0,0,0,0,0,1,-0.8630415119590769,-0.41687275089321363
0,2,0,1,1,3,0,1,0,0,1,0,0,0,0,0,0,0,0,1,0,0,0,0,0,1,-0.7886780036094854,0.09152810056801232
1,3,0,0,0,1,0,1,0,0,1,0,0,0,0,1,0,0,0,0,0,0,0,0,0,1,-0.19376993681275317,-0.49145565916975514
0,3,1,2,2,5,0,1,0,1,0,0,0,0,0,0,0,0,0,1,0,0,0,0,0,1,-1.5323130871054005,0.04370821849987721
0,2,0,0,2,3,0,1,0,0,1,0,0,0,1,0,0,0,0,0,0,0,0,0,1,0,0.5126833925083663,-0.12491978668775715
0,2,0,0,0,1,0,1,0,0,0,0,0,1,1,0,0,0,0,0,0,0,0,0,0,1,0.9216826884311197,-0.3866707201133388
0,2,0,0,0,1,0,1,0,0,0,0,0,1,0,0,0,0,0,1,0,0,0,0,0,1,1.5909542635774434,-0.39623469652696586
1,1,1,1,0,2,0,1,0,0,0,1,0,0,0,0,0,0,0,0,0,1,0,0,0,0,-0.5655874785607108,0.6925485130875209
0,3,0,0,0,1,0,1,0,0,1,0,0,0,0,0,0,0,0,1,0,0,0,0,0,1,1.9255900511506052,-0.4863374216869257
0,3,0,0,2,3,0,1,0,0,1,0,0,0,0,0,0,0,0,1,0,0,0,0,0,1,0.8101374259067323,-0.35646868933346404
0,3,0,0,0,1,0,1,0,0,1,0,0,0,0,0,0,0,0,1,0,0,0,0,0,1,0.2449747624498367,-0.5011867534870308
0,1,0,0,1,2,0,0,0,0,1,0,0,0,0,0,0,0,0,1,0,0,0,0,0,1,1.5909542635774434,0.5874293382238074
1,3,1,0,0,1,1,0,0,1,0,0,0,0,0,1,0,0,0,0,0,0,0,0,0,1,-1.0117685286582598,-0.49271407711891657
0,3,0,0,0,1,0,1,0,0,1,0,0,0,0,0,0,0,0,1,0,0,0,0,0,1,0.029320588236021388,-0.4863374216869257
0,3,0,0,0,1,0,1,0,0,1,0,0,0,0,1,0,0,0,0,0,0,0,0,0,1,0.2449747624498367,-0.47400492578514347
0,3,0,8,2,11,0,1,1,0,0,0,0,0,0,0,0,0,0,1,0,0,0,0,0,1,-1.861743429094091,0.7519458402879414
0,3,0,0,1,2,0,1,0,0,1,0,0,0,0,1,0,0,0,0,0,0,0,0,0,1,1.0704097051303028,-0.32425318983493084
1,2,1,0,0,1,0,1,0,0,0,1,0,0,0,0,0,0,0,1,0,0,0,0,0,1,0.7729556717319366,-0.331300330350235
0,3,0,0,0,1,0,1,0,0,1,0,0,0,0,1,0,0,0,0,0,0,0,0,0,1,-0.2681334451623447,-0.4918744606632361
0,3,0,0,0,1,0,1,0,0,1,0,0,0,0,1,0,0,0,0,0,0,0,0,0,1,-0.9374050203086685,-0.47400492578514347
0,3,0,4,1,6,0,1,1,0,0,0,0,0,0,1,0,0,0,0,0,0,0,0,0,1,-2.127221153902133,0.1506737441786005
1,3,0,0,2,3,0,1,1,0,0,0,0,0,0,1,0,0,0,0,0,0,0,0,0,1,-1.5323130871054005,-0.2351571990343002
1,1,1,0,1,2,0,1,0,0,0,1,0,0,0,0,0,0,0,0,0,0,0,1,0,0,-0.18707722106128996,0.4589861417231558
0,3,1,1,4,6,0,1,0,0,0,1,0,0,0,1,0,0,0,0,0,0,0,0,0,1,1.1447732134798942,-0.08666388103324908
0,1,0,0,0,1,0,1,0,0,1,0,0,0,0,0,0,0,0,1,0,0,0,0,0,1,0.2449747624498367,-0.12642988822675086
0,3,0,0,0,1,0,1,0,0,1,0,0,0,0,0,0,0,0,0,0,0,0,0,0,1,-0.11940642846316166,0.48910360681684706
0,1,0,0,0,1,0,1,0,0,1,0,0,0,0,0,0,0,0,0,1,0,0,0,0,0,2.3345893470733587,0.026090367211616904
0,3,0,4,1,6,1,0,1,0,0,0,0,0,0,1,0,0,0,0,0,0,0,0,0,1,-1.9041306288533582,-0.06199888922968463
1,3,1,1,1,3,0,1,0,1,0,0,0,0,0,1,0,0,0,0,0,0,0,0,0,1,-2.127221153902133,-0.4242561406845337
0,3,0,0,0,1,0,1,0,0,1,0,0,0,0,0,0,0,0,1,0,0,0,0,0,1,-0.6399509869103023,-0.4888542575852486
0,1,0,0,0,1,0,0,0,0,1,0,0,0,0,0,0,0,0,0,0,0,0,0,0,0,1.962771805325401,-0.030371322596999754
0,3,0,1,1,3,0,1,0,0,1,0,0,0,0,1,0,0,0,0,0,0,0,0,0,1,-0.8630415119590769,-0.4902797934380587
0,3,0,3,1,5,0,1,1,0,0,0,0,0,0,0,1,0,0,0,0,0,0,0,0,1,-1.861743429094091,-0.13565761536436197
0,1,1,0,0,1,0,0,0,1,0,0,0,0,0,0,0,0,0,1,0,1,0,0,0,0,1.516590755227852,-0.07030444769415023
0,2,0,0,0,1,0,1,0,0,1,0,0,0,1,0,0,0,0,0,0,0,0,0,0,1,0.029320588236021388,-0.3866707201133388
0,3,0,0,0,1,0,1,0,0,1,0,0,0,0,0,0,0,0,1,0,0,0,0,0,1,0.4755016383335705,-0.6484216535389205
0,3,1,8,2,11,0,1,0,1,0,0,0,0,0,0,0,0,0,1,0,0,0,0,0,1,-1.861743429094091,0.7519458402879414
0,2,0,0,0,1,0,0,0,0,1,0,0,0,0,0,0,0,0,1,0,0,0,0,0,1,0.2449747624498367,-0.34539461138084326
0,3,0,4,2,7,0,1,1,0,0,0,0,0,0,1,0,0,0,0,0,0,0,0,0,1,-1.5323130871054005,-0.016444159470040135
1,2,0,2,1,4,0,1,1,0,0,0,0,0,1,0,0,0,0,0,0,0,0,0,1,0,-2.127221153902133,0.13683114673782454
1,3,1,0,2,3,0,1,0,1,0,0,0,0,0,1,0,0,0,0,0,0,0,0,0,1,-1.9041306288533582,-0.20495516825442542
0,1,0,0,0,1,0,1,0,0,1,0,0,0,0,0,0,0,0,0,0,0,0,0,0,0,0.2449747624498367,0.3583127057902398
1,3,1,1,0,2,1,0,0,0,0,1,0,0,0,1,0,0,0,0,0,0,0,0,0,1,0.14607129634488009,-0.3363340021468808
1,1,0,0,0,1,0,1,0,0,1,0,0,0,0,0,0,0,0,0,0,0,0,0,0,1,1.1447732134798942,-0.11384570873513637
0,3,0,1,1,3,1,0,0,0,1,0,0,0,0,1,0,0,0,0,0,0,0,0,0,1,0.7729556717319366,-0.3363340021468808
0,3,0,0,0,1,0,1,0,0,1,0,0,0,0,1,0,0,0,0,0,0,0,0,0,1,0.4755016383335705,-0.4894421904510968
1,2,1,0,0,1,0,1,0,0,0,1,0,0,1,0,0,0,0,0,0,0,0,0,0,1,0.17804760493520444,-0.3866707201133388
0,2,0,0,0,1,0,1,0,0,1,0,0,0,1,0,0,0,0,0,0,0,0,0,0,1,-0.7886780036094854,-0.3866707201133388
1,3,1,1,0,2,0,1,0,1,0,0,0,0,0,1,0,0,0,0,0,0,0,0,0,1,-0.7886780036094854,-0.4902797934380587
1,2,0,1,1,3,0,1,1,0,0,0,0,0,1,0,0,0,0,0,0,0,0,0,1,0,-1.9784941372029496,-0.12491978668775715
1,1,1,0,0,1,0,0,0,0,0,1,0,0,0,0,0,0,0,1,1,0,0,0,0,0,1.0704097051303028,-0.09027201697708476
1,1,1,0,0,1,0,0,0,1,0,0,0,0,0,0,0,0,0,1,1,0,0,0,0,0,2.111498822024584,2.301728820789
0,3,0,0,0,1,1,0,0,0,1,0,0,0,0,1,0,0,0,0,0,0,0,0,0,1,0.2449747624498367,-0.49237782784290063
0,3,0,0,1,2,0,1,0,0,1,0,0,0,0,0,1,0,0,0,0,0,0,0,0,1,0.9216826884311197,-0.47920571548543794
1,3,1,0,0,1,1,0,0,1,0,0,0,0,0,1,0,0,0,0,0,0,0,0,0,1,-0.13874094063405557,-0.49237782784290063
0,2,1,0,0,1,0,1,0,0,0,1,0,0,1,0,0,0,0,0,0,0,0,0,0,1,-0.41686046186152775,-0.3866707201133388
0,3,0,0,0,1,0,1,0,0,1,0,0,0,0,1,0,0,0,0,0,0,0,0,0,1,-0.11940642846316166,-0.45714212526638004
0,3,0,8,2,11,0,1,0,0,1,0,0,0,0,0,0,0,0,1,0,0,0,0,0,1,-1.861743429094091,0.7519458402879414
0,3,0,0,0,1,0,1,0,0,1,0,0,0,0,1,0,0,0,0,0,0,0,0,0,1,0.3267746216343875,-0.5176307525123133
0,3,0,0,0,1,0,0,0,0,1,0,0,0,1,0,0,0,0,0,0,0,0,0,0,1,1.1819549676546899,-0.5029485386158568
1,3,0,0,0,1,0,1,0,0,1,0,0,0,0,0,0,0,0,1,0,0,0,0,0,1,-0.8630415119590769,-0.4863374216869257
0,3,1,0,1,2,0,1,0,1,0,0,0,0,0,1,0,0,0,0,0,1,0,0,0,0,-2.052857645552541,-0.43776248884929375
0,3,0,1,0,2,0,1,0,0,1,0,0,0,0,1,0,0,0,0,0,0,0,0,0,1,0.17804760493520444,-0.32928686163157667
1,3,0,0,0,1,0,0,0,0,1,0,0,0,1,0,0,0,0,0,0,0,0,0,0,1,-0.2681334451623447,-0.2701412180209885
1,3,1,0,0,1,1,0,0,1,0,0,0,0,0,1,0,0,0,0,0,0,0,0,0,1,-1.0117685286582598,-0.49237782784290063
1,1,0,0,0,1,0,0,0,0,1,0,0,0,0,0,0,0,0,0,0,0,0,0,0,0,0.7729556717319366,-0.024246350754841113
0,3,0,0,0,1,0,1,0,0,1,0,0,0,0,0,0,0,0,1,0,0,0,0,0,1,-0.41686046186152775,-0.5064721088735089
1,2,1,0,0,1,0,1,0,1,0,0,0,0,0,0,0,0,0,1,0,0,0,0,0,1,0.401138129983979,-0.22559322262067316
0,3,0,0,0,1,0,1,0,0,1,0,0,0,0,0,0,0,0,1,0,0,0,0,0,1,-0.5655874785607108,-0.5024451714361923
0,2,0,0,0,1,0,1,0,0,1,0,0,0,1,0,0,0,0,0,0,0,0,0,0,1,0.029320588236021388,-0.3866707201133388
0,3,0,1,0,2,1,0,0,0,1,0,0,0,0,1,0,0,0,0,0,0,0,0,0,1,0.20110029252357797,-0.49237782784290063
1,1,1,1,0,2,0,0,0,1,0,0,0,0,0,1,0,0,0,0,0,0,1,0,0,0,0.10368409658561291,1.6323350375212924
1,3,1,0,0,1,0,1,0,1,0,0,0,0,0,0,0,0,0,1,0,0,0,0,0,1,-0.19376993681275317,-0.4888542575852486
0,2,0,1,0,2,0,1,0,0,1,0,0,0,1,0,0,0,0,0,0,0,0,0,0,1,0.9216826884311197,-0.10478509950117394
1,1,1,0,0,1,0,0,0,1,0,0,0,0,0,0,0,0,0,0,0,0,1,0,0,0,0.17804760493520444,0.8876878608937296
0,2,0,0,0,1,0,1,0,0,1,0,0,0,0,0,0,0,0,1,0,0,0,0,0,1,0.029320588236021388,-0.43700743807979686
1,3,0,0,0,1,0,1,0,0,1,0,0,0,0,0,0,0,0,1,0,0,0,0,0,1,-1.0117685286582598,-0.4863374216869257
0,2,0,0,0,1,0,1,0,0,1,0,0,0,1,0,0,0,0,0,0,0,0,0,0,1,-0.19376993681275317,-0.3866707201133388
0,3,0,0,0,1,0,1,0,0,1,0,0,0,1,0,0,0,0,0,0,0,0,0,0,1,1.5909542635774434,-0.4863374216869257
0,3,0,0,0,1,0,1,0,0,1,0,0,0,0,1,0,0,0,0,0,0,0,0,0,1,0.2449747624498367,-0.4894421904510968
1,1,0,1,0,2,0,1,0,0,1,0,0,0,0,0,0,0,0,0,0,1,0,0,0,0,0.6242286550327536,1.163700193253568
0,3,0,0,0,1,0,1,0,0,1,0,0,0,0,0,0,0,0,1,0,0,0,0,0,1,-0.5655874785607108,-0.4601623283443675
1,2,0,0,0,1,0,1,0,0,1,0,0,0,0,0,0,0,0,1,0,0,0,0,0,1,-0.7886780036094854,-0.43700743807979686
0,3,0,0,0,1,0,1,0,0,1,0,0,0,0,0,0,0,0,1,0,0,0,0,0,1,-0.6771327410850981,-0.5024451714361923
0,2,0,0,0,1,0,1,0,0,1,0,0,0,1,0,0,0,0,0,0,0,0,0,0,1,-0.8630415119590769,-0.3866707201133388
0,3,1,3,1,5,0,1,0,1,0,0,0,0,0,0,1,0,0,0,0,0,0,0,0,1,-1.7925853663289708,-0.13565761536436197
1,1,1,1,0,2,0,1,0,0,0,1,0,0,0,1,0,0,0,0,0,1,0,0,0,0,0.401138129983979,1.0323213593611125
0,3,0,0,0,1,0,1,0,0,1,0,0,0,0,1,0,0,0,0,0,0,0,0,0,1,-0.04504292011357013,-0.4918744606632361
0,2,0,0,0,1,0,1,0,0,1,0,0,0,1,0,0,0,0,0,0,0,0,0,0,1,2.1858623303741758,-0.3766033765200472
1,3,1,4,2,7,0,1,0,1,0,0,0,0,0,1,0,0,0,0,0,0,0,0,0,1,-1.8297671205037667,-0.016444159470040135
0,2,0,0,0,1,0,1,0,0,1,0,0,0,0,0,0,0,0,1,0,0,0,0,0,1,-0.41686046186152775,-0.43700743807979686
0,3,1,0,0,1,0,1,0,1,0,0,0,0,0,0,0,0,0,1,0,0,0,0,0,1,-0.13874094063405557,-0.49640476528021726
0,2,0,1,0,2,0,1,0,0,1,0,0,0,1,0,0,0,0,0,0,0,0,0,0,1,1.0704097051303028,-0.12491978668775715
1,2,1,0,2,3,0,1,0,1,0,0,0,0,0,0,0,0,0,1,0,0,0,0,0,1,-1.6066765954549922,-0.11988611489111134
0,2,0,0,0,1,0,1,0,0,1,0,0,0,1,0,0,0,0,0,0,0,0,0,0,1,-0.7886780036094854,-0.43700743807979686
0,2,0,0,0,1,0,1,0,0,1,0,0,0,0,0,0,0,0,1,0,0,0,0,0,1,0.25241111328479593,-0.4012683683236117
0,3,1,1,0,2,0,0,0,1,0,0,0,0,1,0,0,0,0,0,0,0,0,0,0,1,-0.06660833753495161,-0.3573908580066095
1,3,1,1,0,2,1,0,0,1,0,0,0,0,0,1,0,0,0,0,0,0,0,0,0,1,-0.06660833753495161,-0.3363340021468808
0,2,0,0,0,1,0,1,0,0,1,0,0,0,0,0,0,0,0,1,0,0,0,0,0,1,-0.04504292011357013,-0.43700743807979686
0,3,0,0,0,1,0,1,0,0,1,0,0,0,0,0,0,0,0,1,0,0,0,0,0,1,-0.5655874785607108,-0.5049620073345151
0,3,0,0,0,1,0,0,0,0,1,0,0,0,1,0,0,0,0,0,0,0,0,0,0,1,0.029320588236021388,-0.5029485386158568
0,1,0,2,0,3,1,0,0,0,0,0,0,0,0,0,0,0,0,0,0,1,0,0,0,0,1.0704097051303028,1.163700193253568
0,3,1,0,0,1,0,1,0,1,0,0,0,0,0,1,0,0,0,0,0,0,0,0,0,1,-0.3424969535119362,-0.4918744606632361
1,2,1,0,2,3,0,1,0,0,0,1,0,0,1,0,0,0,0,0,0,0,0,0,0,1,-0.41686046186152775,-0.35646868933346404
1,1,0,1,1,3,0,1,0,0,1,0,0,0,0,0,0,0,0,0,0,0,1,0,0,0,0.549865146683162,0.40974072380221066
0,2,0,1,0,2,0,1,0,0,0,0,0,1,1,0,0,0,0,0,0,0,0,0,0,1,1.8140447886262179,-0.12491978668775715
0,3,0,0,0,1,0,1,0,0,1,0,0,0,0,1,0,0,0,0,0,0,0,0,0,1,0.2449747624498367,-0.5024451714361923
0,3,1,1,1,3,0,1,0,0,0,1,0,0,0,1,0,0,0,0,0,1,0,0,0,0,-0.04504292011357013,-0.43776248884929375
0,1,0,0,0,1,0,1,0,0,1,0,0,0,0,0,0,0,0,0,0,1,0,0,0,0,2.40895285542295,-0.11384570873513637
0,3,0,1,0,2,0,1,0,0,1,0,0,0,0,0,0,0,0,1,0,0,0,0,0,1,0.029320588236021388,-0.32425318983493084
0,3,1,0,2,3,0,1,0,0,0,1,0,0,0,1,0,0,0,0,0,0,0,0,0,1,0.8473191800815282,-0.2414492887801075
1,3,1,0,2,3,0,0,0,0,0,1,0,0,1,0,0,0,0,0,0,0,0,0,0,1,-0.04504292011357013,-0.3414522396297103
1,1,1,0,0,1,0,0,0,0,0,1,0,0,0,0,0,0,0,1,0,0,0,0,0,1,0.008498805898135677,0.9462455716384695
1,1,1,0,0,1,0,1,0,1,0,0,0,0,0,0,0,0,0,0,1,0,0,0,0,0,0.029320588236021388,1.093228788100527
1,1,1,0,0,1,0,0,0,1,0,0,0,0,0,0,0,0,0,1,0,0,0,0,0,1,0.401138129983979,9.667166525013505
1,2,1,0,1,2,0,1,0,0,0,1,0,0,1,0,0,0,0,0,0,0,0,0,0,1,1.516590755227852,-0.12491978668775715
0,3,0,0,0,1,1,0,0,0,1,0,0,0,0,1,0,0,0,0,0,0,0,0,0,1,0.2449747624498367,-0.49237782784290063
1,3,0,4,2,7,0,1,1,0,0,0,0,0,0,1,0,0,0,0,0,0,0,0,0,1,-1.9784941372029496,-0.016444159470040135
0,1,0,1,1,3,0,1,0,0,1,0,0,0,0,0,0,0,0,0,0,0,0,1,0,0,1.665317771927035,0.955306180872432
0,1,0,0,0,1,0,1,0,0,1,0,0,0,0,0,0,0,0,0,1,0,0,0,0,0,0.7729556717319366,-0.6484216535389205
0,3,1,0,0,1,1,0,0,1,0,0,0,0,0,1,0,0,0,0,0,0,0,0,0,1,-0.13874094063405557,-0.49237782784290063
0,2,0,0,0,1,0,1,0,0,1,0,0,0,0,0,0,0,0,1,0,0,0,0,0,1,0.4755016383335705,-0.43700743807979686
0,3,0,4,1,6,0,1,0,0,1,0,0,0,0,1,0,0,0,0,0,0,0,0,0,1,-1.0117685286582598,0.1506737441786005
1,3,0,1,0,2,0,1,0,0,1,0,0,0,0,1,0,0,0,0,0,0,0,0,0,1,-0.3424969535119362,-0.4918744606632361
1,1,1,0,1,2,0,1,0,0,0,1,0,0,0,0,0,0,0,1,0,1,0,0,0,0,2.111498822024584,2.441497778832105
1,1,1,0,0,1,0,1,0,1,0,0,0,0,0,0,0,0,0,1,0,1,0,0,0,0,0.401138129983979,2.0825124140450755
0,1,0,0,0,1,0,1,0,0,1,0,0,0,0,0,0,0,0,0,0,0,0,0,0,1,0.2449747624498367,-0.024246350754841113
1,3,0,0,0,1,0,1,0,0,1,0,0,0,0,0,0,0,0,1,0,0,0,0,0,1,-0.3424969535119362,-0.6484216535389205
1,2,1,0,1,2,0,1,0,0,0,1,0,0,1,0,0,0,0,0,0,0,0,0,0,1,0.8473191800815282,-0.255795253400548
0,1,0,0,1,2,0,0,0,0,1,0,0,0,0,0,0,0,0,1,0,1,0,0,0,0,0.549865146683162,-0.05042144409739929
1,3,1,0,0,1,1,0,0,1,0,0,0,0,0,1,0,0,0,0,0,0,0,0,0,1,-0.13874094063405557,-0.49237782784290063
1,1,1,1,0,2,0,1,0,1,0,0,0,0,0,0,0,0,0,0,0,0,1,0,0,0,2.4833163637725417,0.921244330558889
0,3,1,0,0,1,0,1,0,1,0,0,0,0,0,1,0,0,0,0,0,0,0,0,0,1,1.1447732134798942,-0.49237782784290063
0,2,0,0,0,1,0,1,0,0,1,0,0,0,1,0,0,0,0,0,0,0,0,0,0,1,0.2449747624498367,-0.6484216535389205
0,3,0,4,1,6,1,0,1,0,0,0,0,0,0,1,0,0,0,0,0,0,0,0,0,1,-1.6810401038045837,-0.06199888922968463
1,3,1,1,1,3,0,1,0,0,0,1,0,0,0,0,0,0,0,1,0,0,0,0,0,1,0.401138129983979,-0.24069423801061057
0,3,0,0,0,1,1,0,0,0,1,0,0,0,0,1,0,0,0,0,0,0,0,0,0,1,2.6320433804717247,-0.49237782784290063
0,3,0,0,0,1,0,1,0,0,1,0,0,0,0,1,0,0,0,0,0,0,0,0,0,1,-0.11940642846316166,-0.4902797934380587
0,3,0,0,0,1,0,1,0,0,1,0,0,0,0,1,0,0,0,0,0,0,0,0,0,1,-1.0117685286582598,-0.45714212526638004
1,3,0,0,0,1,0,1,0,0,1,0,0,0,0,0,0,0,0,1,0,0,0,0,0,1,-0.7886780036094854,-0.4863374216869257
0,1,0,0,0,1,0,1,0,0,1,0,0,0,0,0,0,0,0,0,0,0,0,0,0,0,0.2449747624498367,-0.12491978668775715
0,3,0,0,0,1,0,0,0,0,1,0,0,0,0,1,0,0,0,0,0,0,0,0,0,1,0.25241111328479593,-0.47400492578514347
1,3,0,0,0,1,0,1,0,0,1,0,0,0,0,1,0,0,0,0,0,0,0,0,0,1,0.029320588236021388,-0.45714212526638004
0,3,0,0,0,1,0,1,0,0,1,0,0,0,0,1,0,0,0,0,0,0,0,0,0,1,-0.5655874785607108,-0.4894421904510968
1,2,0,0,0,1,0,1,0,0,1,0,0,0,1,0,0,0,0,0,0,0,0,0,0,1,0.9216826884311197,-0.3866707201133388
1,3,1,0,0,1,1,0,0,1,0,0,0,0,0,1,0,0,0,0,0,0,0,0,0,1,-0.5655874785607108,-0.49237782784290063
1,1,1,0,0,1,0,1,0,1,0,0,0,0,0,0,0,0,0,0,0,0,0,0,0,1,-0.2681334451623447,0.9391984311231651
1,1,1,1,0,2,0,0,0,0,0,1,0,0,0,0,0,0,0,0,1,0,0,0,0,0,-0.7886780036094854,1.1854295476653287
0,2,0,0,0,1,0,0,0,0,1,0,0,0,0,0,0,0,0,1,0,0,1,0,0,0,0.4755016383335705,-0.3891875560116617
0,3,1,0,0,1,0,1,0,1,0,0,0,0,0,1,0,0,0,0,0,0,0,0,0,1,-0.41686046186152775,-0.4702296719376591
0,3,0,0,0,1,0,1,0,0,1,0,0,0,0,1,0,0,0,0,0,0,0,0,0,1,-0.41686046186152775,-0.4894421904510968
0,1,0,0,0,1,0,0,0,0,1,0,0,0,0,0,0,0,0,1,0,0,0,0,0,1,0.2449747624498367,-0.09027201697708476
0,3,0,0,0,1,0,0,0,0,1,0,0,0,1,0,0,0,0,0,0,0,0,0,0,1,-0.4540422160363235,-0.5028639729296732
0,1,1,1,2,4,0,1,0,1,0,0,0,0,0,0,0,0,0,0,0,1,0,0,0,0,-2.052857645552541,2.4029901895877646
1,1,0,0,0,1,0,1,0,0,1,0,0,0,0,0,0,0,0,0,0,1,0,0,0,0,0.2449747624498367,-0.034313694348132716
1,1,1,0,1,2,0,0,0,0,0,1,0,0,0,0,0,0,0,1,1,0,0,0,0,0,1.516590755227852,4.335332226633905
1,3,1,0,0,1,1,0,0,1,0,0,0,0,0,0,0,0,0,1,0,0,0,0,0,1,-0.13874094063405557,-0.49237782784290063
1,3,0,2,0,3,1,0,0,0,1,0,0,0,0,1,0,0,0,0,0,0,0,0,0,1,0.11706952808853936,-0.18029017645086096
0,3,0,0,0,1,0,1,0,0,1,0,0,0,0,0,0,0,0,1,0,0,0,0,0,1,-0.7886780036094854,-0.6484216535389205
1,2,1,0,0,1,1,0,0,1,0,0,0,0,1,0,0,0,0,0,0,0,0,1,0,0,-0.13874094063405557,-0.3997582667846179
0,3,0,0,0,1,0,1,0,0,1,0,0,0,0,0,0,0,0,1,0,0,0,0,0,1,0.2449747624498367,-0.4863374216869257
1,1,0,1,2,4,0,1,1,0,0,0,0,0,0,0,0,0,0,0,0,1,0,0,0,0,-2.1331702345701,2.4029901895877646
1,1,1,0,0,1,0,0,0,1,0,0,0,0,0,0,0,0,0,0,0,0,0,0,0,1,-0.13874094063405557,1.5841789061771412
1,1,1,1,0,2,0,0,0,0,0,1,0,0,0,0,0,0,0,1,0,1,0,0,0,0,-0.9374050203086685,1.5442457810799908
0,2,0,1,0,2,0,0,0,0,1,0,0,0,0,0,0,0,0,1,0,0,0,0,0,1,0.029320588236021388,-0.16518916106092355
1,1,1,0,0,1,0,0,0,1,0,0,0,0,0,0,0,0,0,1,0,0,0,1,0,0,0.029320588236021388,0.49782998024351216
1,1,1,0,0,1,0,0,0,1,0,0,0,0,0,0,0,0,0,0,0,1,0,0,0,0,-0.41686046186152775,1.0259447039291216
1,1,1,2,2,5,0,0,0,1,0,0,0,0,0,0,0,0,0,1,1,0,0,0,0,0,-0.8630415119590769,4.634416897040849
0,2,1,1,1,3,0,1,0,0,0,1,0,0,1,0,0,0,0,0,0,0,0,0,0,1,-0.2681334451623447,-0.12491978668775715
0,3,0,0,0,1,0,1,0,0,1,0,0,0,0,1,0,0,0,0,0,0,0,0,0,1,-0.11940642846316166,-0.4894421904510968
0,2,0,1,1,3,0,1,0,0,1,0,0,0,0,0,0,0,0,1,0,0,0,0,0,1,0.9960461967807112,-0.11988611489111134
1,3,1,0,0,1,0,1,0,1,0,0,0,0,0,1,0,0,0,0,0,0,0,0,0,1,-0.2681334451623447,-0.4902797934380587
1,2,1,1,0,2,0,1,0,0,0,1,0,0,1,0,0,0,0,0,0,0,0,0,0,1,-0.41686046186152775,-0.12491978668775715
0,2,0,0,0,1,0,1,0,0,0,0,0,0,1,0,0,0,0,0,0,0,0,0,0,1,1.8140447886262179,-0.36653603292675563
1,1,1,0,2,3,0,1,0,1,0,0,0,0,0,1,0,0,0,0,0,1,0,0,0,0,0.10368409658561291,2.671117778445337
1,1,1,1,1,3,0,0,0,0,0,1,0,0,0,0,0,0,0,0,0,0,0,1,0,0,0.7729556717319366,2.059693773056521
0,3,0,0,0,1,0,1,0,0,1,0,0,0,0,0,0,0,0,1,0,0,0,0,0,1,-0.5655874785607108,-0.5024451714361923
0,3,0,0,0,1,0,1,0,0,1,0,0,0,0,1,0,0,0,0,0,0,0,0,0,1,-0.19376993681275317,-0.4894421904510968
1,2,1,0,0,1,1,0,0,1,0,0,0,0,1,0,0,0,0,0,0,0,0,0,0,1,0.029320588236021388,-0.3997582667846179
1,2,1,1,1,3,0,1,0,0,0,1,0,0,1,0,0,0,0,0,0,0,0,0,0,1,-0.5655874785607108,-0.06451572512800753
0,3,0,8,2,11,0,1,0,0,1,0,0,0,0,0,0,0,0,1,0,0,0,0,0,1,-1.861743429094091,0.7519458402879414
1,1,1,0,0,1,0,0,0,1,0,0,0,0,0,0,0,0,0,1,0,1,0,0,0,0,0.4755016383335705,2.0825124140450755
0,3,0,0,0,1,0,1,0,0,1,0,0,0,0,1,0,0,0,0,0,0,0,0,0,1,2.3345893470733587,-0.5228315422126077
1,2,1,0,0,1,0,1,0,0,0,1,0,0,1,0,0,0,0,0,0,0,1,0,0,0,0.4755016383335705,-0.3866707201133388
1,3,1,1,1,3,0,1,0,0,0,1,0,0,0,1,0,0,0,0,0,0,0,0,0,1,0.10368409658561291,-0.2351571990343002
1,1,1,0,1,2,0,0,0,1,0,0,0,0,0,0,0,0,0,0,1,0,0,0,0,0,-1.0117685286582598,0.5189714017894245
1,3,1,2,0,3,1,0,0,1,0,0,0,0,0,1,0,0,0,0,0,0,0,0,0,1,-0.8630415119590769,-0.18029017645086096
0,1,0,0,0,1,0,1,0,0,1,0,0,0,0,0,0,0,0,0,0,1,0,0,0,0,1.1819549676546899,-0.07458306872129913
0,1,0,0,1,2,0,1,0,0,1,0,0,0,0,0,0,0,0,1,0,1,0,0,0,0,0.6242286550327536,2.441497778832105
0,3,0,2,0,3,0,1,0,0,1,0,0,0,0,1,0,0,0,0,0,0,0,0,0,1,-1.0117685286582598,-0.2859972841804228
1,1,1,1,0,2,0,1,0,0,0,1,0,0,0,0,0,0,0,1,0,0,0,0,0,1,0.14607129634488009,2.042579288947925
0,3,0,0,0,1,0,1,0,0,1,0,0,0,0,1,0,0,0,0,0,0,0,0,0,1,0.2449747624498367,-0.4894421904510968
0,1,0,1,0,2,0,1,0,0,1,0,0,0,0,0,0,0,0,0,0,1,0,0,0,0,-0.04504292011357013,0.6925485130875209
1,1,1,0,0,1,0,0,0,1,0,0,0,0,0,0,0,0,0,0,0,0,0,1,0,0,0.8473191800815282,2.059693773056521
1,3,0,0,0,1,0,1,0,0,1,0,0,0,0,0,0,0,1,0,0,0,0,0,0,1,1.1447732134798942,-0.4863374216869257
0,1,0,0,0,1,0,1,0,0,1,0,0,0,0,0,0,0,0,0,0,1,0,0,0,0,1.1447732134798942,0.06635974158478332
1,2,0,1,1,3,0,1,1,0,0,0,0,0,1,0,0,0,0,0,0,0,0,0,1,0,-2.052857645552541,-0.12491978668775715
1,1,1,3,2,6,0,1,0,1,0,0,0,0,0,0,0,0,0,0,0,1,0,0,0,0,-0.41686046186152775,4.647001076532463
0,2,0,0,0,1,0,1,0,0,1,0,0,0,1,0,0,0,0,0,0,0,0,0,0,1,-0.11940642846316166,-0.3866707201133388
0,2,0,0,0,1,0,1,0,0,1,0,0,0,1,0,0,0,0,0,0,0,0,0,0,1,-0.3424969535119362,-0.3866707201133388
0,2,0,0,0,1,0,1,0,0,1,0,0,0,1,0,0,0,0,0,0,0,0,0,0,1,0.4755016383335705,-0.3866707201133388
1,2,1,0,0,1,0,1,0,1,0,0,0,0,1,0,0,0,0,0,0,0,0,0,1,0,-0.41686046186152775,-0.3866707201133388
1,2,1,0,0,1,0,1,0,1,0,0,0,0,0,1,0,0,0,0,0,0,0,0,0,1,0.7729556717319366,-0.3866707201133388
1,3,1,1,0,2,0,1,0,0,0,1,0,0,0,1,0,0,0,0,0,0,0,0,0,1,0.14607129634488009,-0.32425318983493084
1,3,0,1,1,3,0,1,1,0,0,0,0,0,0,0,0,0,0,1,0,0,0,0,0,1,-1.9784941372029496,-0.32828012727224753
0,3,0,0,0,1,0,1,0,0,1,0,0,0,0,1,0,0,0,0,0,0,0,0,0,1,0.9216826884311197,-0.47400492578514347
0,3,0,0,0,1,0,1,0,0,1,0,0,0,0,0,0,0,1,0,0,0,0,0,0,1,-0.4912239702111193,-0.4626791642426904
0,1,0,0,0,1,0,1,0,0,1,0,0,0,0,0,0,0,0,0,0,1,0,0,0,0,0.2449747624498367,0.05629239799149171
0,3,0,1,1,3,0,0,0,0,1,0,0,0,1,0,0,0,0,0,0,0,0,0,0,1,-1.0861320370078515,-0.5028639729296732
0,3,0,1,0,2,0,1,0,0,1,0,0,0,0,1,0,0,0,0,0,0,0,0,0,1,-0.3424969535119362,-0.29002422161773944
0,3,0,0,0,1,0,0,0,0,1,0,0,0,1,0,0,0,0,0,0,0,0,0,0,1,0.2449747624498367,-0.5029485386158568
0,3,0,0,0,1,0,1,0,0,1,0,0,0,0,1,0,0,0,0,0,0,0,0,0,1,-0.11940642846316166,-0.45714212526638004
1,1,1,0,1,2,0,1,0,1,0,0,0,0,0,0,0,0,0,0,0,0,0,1,0,0,-0.5655874785607108,0.4589861417231558
0,2,1,0,0,1,0,1,0,1,0,0,0,0,1,0,0,0,0,0,0,0,0,0,0,1,0.6242286550327536,-0.3866707201133388
1,3,1,0,0,1,1,0,0,1,0,0,0,0,0,1,0,0,0,0,0,0,0,0,0,1,-0.13874094063405557,-0.48977642625839407
1,3,1,0,0,1,1,0,0,1,0,0,0,0,0,1,0,0,0,0,0,0,0,0,0,1,-0.13874094063405557,-0.48977642625839407
0,3,0,1,4,6,0,1,0,0,1,0,0,0,0,1,0,0,0,0,0,0,0,0,0,1,0.7729556717319366,-0.08666388103324908
0,2,0,1,0,2,0,0,0,0,1,0,0,0,0,0,0,0,0,1,0,0,0,0,0,1,-0.04504292011357013,-0.09027201697708476
0,3,1,0,1,2,0,0,0,0,0,1,0,0,1,0,0,0,0,0,0,0,0,0,0,1,1.1447732134798942,-0.3573908580066095
0,3,0,0,0,1,0,1,0,0,1,0,0,0,0,0,0,0,0,1,0,0,0,0,0,1,0.401138129983979,-0.5064721088735089
0,3,0,1,0,2,1,0,0,0,1,0,0,0,0,1,0,0,0,0,0,0,0,0,0,1,0.20110029252357797,-0.3363340021468808
0,3,0,0,0,1,0,1,0,0,1,0,0,0,0,0,0,0,0,1,0,0,0,0,0,1,0.029320588236021388,-0.5024451714361923
1,1,1,1,0,2,0,0,0,0,0,1,0,0,0,0,0,0,0,0,0,0,1,0,0,0,2.260225838723767,0.8667135572514657
1,3,1,0,0,1,0,0,0,0,0,1,0,0,1,0,0,0,0,0,0,0,0,0,0,1,0.008498805898135677,-0.5028639729296732
1,3,1,0,0,1,1,0,0,1,0,0,0,0,0,0,0,0,0,0,0,0,0,0,0,1,-0.13874094063405557,-0.49237782784290063
1,1,1,0,0,1,0,0,0,0,0,0,1,0,0,0,0,0,0,1,1,0,0,0,0,0,-0.41686046186152775,0.7469121684912956
1,1,0,1,0,2,0,0,0,0,1,0,0,0,0,0,0,0,0,0,0,0,0,1,0,0,-0.3424969535119362,0.4678796330534696
0,3,0,1,0,2,0,1,0,0,1,0,0,0,0,1,0,0,0,0,0,0,0,0,0,1,-0.8630415119590769,-0.5176307525123133
0,3,0,0,0,1,0,1,0,0,1,0,0,0,0,1,0,0,0,0,0,0,0,0,0,1,-0.7886780036094854,-0.4863374216869257
0,1,0,0,0,1,0,0,0,0,1,0,0,0,0,0,0,0,0,1,0,0,0,0,0,1,-0.5655874785607108,2.0825124140450755
0,3,1,3,1,5,0,1,0,1,0,0,0,0,0,1,0,0,0,0,0,0,0,0,0,1,-1.9784941372029496,-0.22408312108167944
1,1,1,1,0,2,0,0,0,0,0,1,0,0,0,0,0,0,0,1,0,0,0,0,0,1,0.14607129634488009,1.0060617003323709
1,3,1,0,0,1,0,1,0,1,0,0,0,0,0,0,0,0,0,1,0,0,0,0,0,1,-0.5655874785607108,-0.5024451714361923
0,1,0,0,2,3,0,0,0,0,1,0,0,0,0,0,0,0,0,0,0,1,0,0,0,0,-0.19376993681275317,3.610064686423428
0,3,0,0,0,1,0,0,0,0,1,0,0,0,1,0,0,0,0,0,0,0,0,0,0,1,-0.7143144952598939,-0.5676312212027554
0,3,0,0,0,1,0,1,0,0,1,0,0,0,0,1,0,0,0,0,0,0,0,0,0,1,-0.7886780036094854,-0.4918744606632361
1,1,1,0,0,1,0,0,0,1,0,0,0,0,0,0,0,0,0,1,0,0,0,0,0,1,0.9216826884311197,3.9327230485884233
1,3,1,0,2,3,0,0,0,1,0,0,0,0,1,0,0,0,0,0,0,0,0,0,0,1,-2.127221153902133,-0.33146744825388363
0,3,0,0,0,1,0,1,0,0,1,0,0,0,0,0,0,0,0,1,0,0,0,0,0,1,0.17804760493520444,-0.4888542575852486
1,1,1,1,0,2,0,1,0,0,0,1,0,0,0,0,0,0,0,0,0,0,0,0,0,1,0.401138129983979,0.39858208016340624
0,3,0,0,0,1,0,1,0,0,1,0,0,0,0,1,0,0,0,0,0,0,0,0,0,1,0.2449747624498367,-0.4894421904510968
0,2,0,0,0,1,0,1,0,0,1,0,0,0,0,0,0,0,0,1,0,0,0,0,0,1,-0.8630415119590769,0.8314778546749452
0,3,0,5,2,8,0,1,1,0,0,0,0,0,0,0,0,0,0,1,0,0,0,0,0,1,-2.127221153902133,0.2958951755118318
1,2,1,0,0,1,0,1,0,1,0,0,0,0,1,0,0,0,0,0,0,0,0,0,0,1,0.4755016383335705,-0.3866707201133388
0,3,0,0,0,1,1,0,0,0,1,0,0,0,0,1,0,0,0,0,0,0,0,0,0,1,0.2449747624498367,-0.49279662933638163
1,2,1,0,0,1,0,0,0,1,0,0,0,0,0,0,0,0,0,1,0,0,0,0,0,1,-0.9374050203086685,-0.40680540729992204
1,1,0,1,2,4,0,1,0,0,1,0,0,0,0,0,0,0,0,0,1,0,0,0,0,0,0.4755016383335705,1.7677408088510642
1,3,0,0,0,1,0,1,0,0,1,0,0,0,0,1,0,0,0,0,0,0,0,0,0,1,-0.6399509869103023,-0.49145565916975514
0,3,0,2,0,3,0,1,0,0,1,0,0,0,0,1,0,0,0,0,0,0,0,0,0,1,-0.11940642846316166,-0.4888542575852486
1,1,1,1,0,2,0,0,0,1,0,0,0,0,0,1,0,0,0,0,0,0,1,0,0,0,-0.4912239702111193,1.6323350375212924
1,3,1,0,2,3,0,1,0,0,0,1,0,0,0,0,0,0,0,1,0,1,0,0,0,0,-0.41686046186152775,-0.312172377522981
0,3,0,0,0,1,0,1,0,0,1,0,0,0,0,1,0,0,0,0,0,0,0,0,0,1,-0.5655874785607108,-0.49145565916975514
0,3,1,0,0,1,0,1,0,1,0,0,0,0,0,1,0,0,0,0,0,0,0,0,0,1,0.10368409658561291,-0.4902797934380587
0,2,0,0,0,1,0,1,0,0,1,0,0,0,1,0,0,0,0,0,0,0,0,0,0,1,1.2191367218294857,-0.12491978668775715
0,2,0,0,0,1,0,1,0,0,0,0,0,0,1,0,0,0,0,0,0,0,0,0,0,1,-0.4912239702111193,-0.43700743807979686
1,2,1,0,0,1,0,1,0,0,0,1,0,0,1,0,0,0,0,0,0,0,0,0,0,1,-0.11940642846316166,-0.393717860628643
1,3,0,0,0,1,0,1,0,0,1,0,0,0,0,0,0,0,0,1,0,0,0,0,0,1,0.6985921633823451,-0.4888542575852486
0,3,0,0,0,1,0,1,0,0,1,0,0,0,0,1,0,0,0,0,0,0,0,0,0,1,-0.2681334451623447,-0.4863374216869257
0,3,1,1,0,2,0,1,0,1,0,0,0,0,0,0,1,0,0,0,0,0,0,0,0,1,-0.6399509869103023,-0.4505983519307405
0,3,0,1,0,2,0,1,0,0,1,0,0,0,0,0,0,0,0,1,0,0,0,0,0,1,-0.11940642846316166,-0.32928686163157667
0,3,1,0,0,1,0,1,0,1,0,0,0,0,0,1,0,0,0,0,0,0,0,0,0,1,-0.7143144952598939,-0.47400492578514347
0,2,0,1,0,2,0,1,0,0,1,0,0,0,1,0,0,0,0,0,0,0,0,0,0,1,0.3267746216343875,-0.22559322262067316
0,3,0,0,0,1,0,1,0,0,1,0,0,0,0,1,0,0,0,0,0,0,0,0,0,1,1.5909542635774434,-0.49237782784290063
1,2,0,1,1,3,0,1,1,0,0,0,0,0,1,0,0,0,0,0,0,0,0,0,0,1,-1.9784941372029496,-0.2708962687904854
0,3,0,0,0,1,0,1,0,0,1,0,0,0,0,1,0,0,0,0,0,0,0,0,0,1,-0.6399509869103023,-0.4918744606632361
0,3,1,3,1,5,0,1,0,1,0,0,0,0,0,0,1,0,0,0,0,0,0,0,0,1,-1.7925853663289708,-0.13565761536436197
0,3,0,0,0,1,0,1,0,0,1,0,0,0,0,1,0,0,0,0,0,0,0,0,0,1,0.2449747624498367,-0.4894421904510968
0,3,0,0,0,1,1,0,0,0,1,0,0,0,0,1,0,0,0,0,0,0,0,0,0,1,0.2449747624498367,-0.5103319284071769
1,1,1,1,0,2,1,0,0,1,0,0,0,0,0,0,0,0,0,0,0,1,0,0,0,0,0.25241111328479593,1.163700193253568
0,2,0,0,0,1,0,1,0,0,1,0,0,0,1,0,0,0,0,0,0,0,0,0,0,1,0.2449747624498367,-0.6484216535389205
1,3,0,0,0,1,0,1,0,0,1,0,0,0,0,0,0,0,0,1,0,0,0,0,0,1,1.0704097051303028,-0.4888542575852486
0,3,1,0,0,1,0,1,0,0,0,1,0,0,0,1,0,0,0,0,0,0,0,0,0,1,0.008498805898135677,-0.4863374216869257
1,2,1,1,1,3,0,1,0,0,0,0,0,0,1,0,0,0,0,0,0,0,0,0,0,1,0.3267746216343875,0.005955680025033696
1,2,1,0,2,3,0,1,0,1,0,0,0,0,1,0,0,0,0,0,0,0,0,0,0,1,-0.8630415119590769,-0.3866707201133388
0,2,0,0,0,1,0,1,0,0,1,0,0,0,1,0,0,0,0,0,0,0,0,0,0,1,0.029320588236021388,-0.3866707201133388
0,3,1,0,2,3,0,1,0,1,0,0,0,0,0,1,0,0,0,0,0,0,0,0,0,1,-1.457949578755809,-0.1621689579829361
0,3,0,0,0,1,0,0,0,0,1,0,0,0,0,1,0,0,0,0,0,0,0,0,0,1,0.2449747624498367,-0.4894421904510968
0,3,0,0,0,1,1,0,0,0,1,0,0,0,0,0,0,0,0,1,0,0,0,0,0,1,-0.6399509869103023,-0.49271407711891657
0,3,0,0,0,1,0,1,0,0,1,0,0,0,0,1,0,0,0,0,0,0,0,0,0,1,-0.04504292011357013,-0.4898609919445778
0,3,1,1,1,3,0,1,0,0,0,1,0,0,0,1,0,0,0,0,0,0,0,0,0,1,-0.11940642846316166,-0.35848215805212236
0,3,0,1,1,3,0,1,0,0,1,0,0,0,0,1,0,0,0,0,0,0,0,0,0,1,-0.8630415119590769,-0.2414492887801075
0,3,0,0,0,1,0,1,0,0,1,0,0,0,0,0,0,0,0,1,0,0,0,0,0,1,0.2449747624498367,-0.5024451714361923
1,2,1,1,0,2,0,1,0,0,0,1,0,0,1,0,0,0,0,0,0,0,0,0,0,1,-0.11940642846316166,-0.12491978668775715
1,2,1,0,0,1,0,1,0,0,0,1,0,0,1,0,0,0,0,0,0,0,0,0,0,1,-0.7886780036094854,-0.12491978668775715
0,3,0,0,0,1,1,0,0,0,1,0,0,0,0,1,0,0,0,0,0,0,0,0,0,1,0.2449747624498367,-0.49237782784290063
1,3,0,0,0,1,0,1,0,0,1,0,0,0,0,0,0,0,0,1,0,0,0,1,0,0,0.17804760493520444,-0.4863374216869257
1,1,0,0,0,1,0,1,0,0,1,0,0,0,0,0,0,0,0,0,0,1,0,0,0,0,-0.11940642846316166,-0.11384570873513637
1,3,1,1,0,2,0,1,0,0,0,1,0,0,0,1,0,0,0,0,0,0,0,0,0,1,0.14607129634488009,-0.32425318983493084
1,2,1,1,0,2,0,1,0,0,0,1,0,0,0,0,0,0,0,1,0,0,0,0,0,1,0.9216826884311197,-0.12491978668775715
0,3,0,0,0,1,0,1,0,0,1,0,0,0,0,0,0,0,0,1,0,0,0,0,0,1,-0.9374050203086685,-0.5049620073345151
0,1,0,1,0,2,0,1,0,0,1,0,0,0,0,0,0,0,0,0,0,0,0,1,0,0,1.516590755227852,0.4771073601910807
1,1,1,1,2,4,0,1,0,1,0,0,0,0,0,0,0,0,0,0,1,0,0,0,0,0,-1.160495545357443,1.7677408088510642
0,3,1,2,2,5,0,1,0,1,0,0,0,0,0,0,0,0,0,1,0,0,0,0,0,1,-0.6399509869103023,0.04370821849987721
1,2,1,2,3,6,0,1,0,0,0,1,0,0,1,0,0,0,0,0,0,0,0,0,0,1,-0.41686046186152775,-0.2708962687904854
0,1,0,1,4,6,0,1,0,0,1,0,0,0,0,0,0,0,0,0,0,1,0,0,0,0,2.557679872122133,4.647001076532463
0,2,0,0,0,1,0,1,0,0,1,0,0,0,0,0,0,0,0,1,0,0,0,0,0,1,0.10368409658561291,-0.43700743807979686
1,2,1,1,1,3,0,1,0,0,0,1,0,0,0,0,0,0,0,1,0,0,0,0,0,1,1.1447732134798942,-0.11988611489111134
0,3,0,0,0,1,0,1,0,0,1,0,0,0,0,1,0,0,0,0,0,0,0,0,0,1,-0.7143144952598939,-0.45714212526638004
0,3,0,1,0,2,0,1,0,0,1,0,0,0,0,1,0,0,0,0,0,0,0,0,0,1,-0.3424969535119362,-0.4918744606632361
1,2,1,0,0,1,0,1,0,0,0,0,1,0,1,0,0,0,0,0,0,0,0,0,0,1,-0.11940642846316166,-0.3866707201133388
1,3,0,0,0,1,0,1,0,0,1,0,0,0,0,0,0,1,0,0,0,0,0,0,0,1,0.2449747624498367,-0.48507900373776425
1,1,0,0,2,3,0,1,1,0,0,0,0,0,0,1,0,0,0,0,0,0,0,0,0,0,-1.9041306288533582,0.9997696105865636
1,2,1,0,1,2,0,1,0,1,0,0,0,0,1,0,0,0,0,0,0,0,0,0,0,1,-1.2348590537070345,-0.255795253400548
1,1,0,0,0,1,0,1,0,0,1,0,0,0,0,0,0,0,0,0,0,0,0,0,0,1,0.3267746216343875,-0.11384570873513637
1,3,1,2,1,4,0,0,0,1,0,0,0,0,1,0,0,0,0,0,0,0,0,0,0,1,-1.8297671205037667,-0.26066180729354516
1,1,0,0,0,1,0,1,0,0,0,0,1,0,0,0,0,0,0,0,0,1,0,0,0,0,1.665317771927035,-0.034313694348132716
0,2,0,1,2,4,0,1,0,0,1,0,0,0,0,0,0,0,0,1,0,0,0,0,0,1,0.4755016383335705,-0.08968408411123653
0,3,0,1,0,2,0,1,0,0,1,0,0,0,0,0,0,1,0,0,0,0,0,0,0,1,0.20110029252357797,-0.2463983948905696
0,1,0,0,0,1,0,0,0,0,1,0,0,0,0,0,0,0,0,0,0,1,0,0,0,0,0.029320588236021388,-0.08968408411123653
1,1,0,1,0,2,0,0,0,0,1,0,0,0,0,0,0,0,0,0,0,1,0,0,0,0,1.4422272468782604,1.145663540471827
0,3,0,0,0,1,0,1,0,0,1,0,0,0,0,0,0,0,0,1,0,0,0,0,0,1,0.2449747624498367,-0.4863374216869257
1,3,0,0,0,1,0,0,0,0,1,0,0,0,0,1,0,0,0,0,0,0,0,0,0,1,-0.04504292011357013,-0.4894421904510968
0,1,0,0,0,1,0,1,0,0,1,0,0,0,0,0,0,0,0,0,0,0,0,1,0,0,2.6320433804717247,-0.11384570873513637
1,1,1,1,0,2,0,1,0,0,0,1,0,0,0,0,0,0,0,0,0,0,1,0,0,0,0.14607129634488009,0.395813560675251
1,2,1,0,0,1,0,1,0,1,0,0,0,0,0,0,0,0,0,1,0,0,0,0,0,1,1.516590755227852,-0.43700743807979686
0,3,0,0,0,1,1,0,0,0,1,0,0,0,0,1,0,0,0,0,0,0,0,0,0,1,0.2449747624498367,-0.49237782784290063
1,1,0,0,0,1,0,1,0,0,1,0,0,0,0,0,0,0,0,0,0,0,0,1,0,0,1.3678637385286687,-0.11384570873513637
0,3,0,0,0,1,0,1,0,0,1,0,0,0,0,1,0,0,0,0,0,0,0,0,0,1,0.3267746216343875,-0.4863374216869257
0,1,0,0,0,1,0,1,0,0,1,0,0,0,0,0,0,0,0,0,0,0,0,1,0,0,1.2935002301790772,0.12676380314453292
0,2,0,0,0,1,0,1,0,0,1,0,0,0,1,0,0,0,0,0,0,0,0,0,0,1,1.3678637385286687,-0.3866707201133388
0,3,0,0,0,1,0,1,0,0,1,0,0,0,0,0,0,0,0,1,0,0,0,0,0,1,0.2449747624498367,-0.4863374216869257
0,3,0,0,0,1,0,1,0,0,1,0,0,0,0,0,0,0,0,1,0,0,0,0,0,1,0.6242286550327536,-0.5064721088735089
0,2,0,0,0,1,0,1,0,0,1,0,0,0,1,0,0,0,0,0,0,0,0,0,0,1,0.2449747624498367,-0.6484216535389205
0,1,0,0,0,1,0,1,0,0,1,0,0,0,0,0,0,0,0,0,0,0,0,0,0,1,1.962771805325401,-0.11384570873513637
0,3,0,0,0,1,1,0,0,0,1,0,0,0,0,1,0,0,0,0,0,0,0,0,0,1,0.2449747624498367,-0.4928811950225652
1,3,1,2,1,4,0,0,0,1,0,0,0,0,1,0,0,0,0,0,0,0,0,0,0,1,-2.1458120309895308,-0.26066180729354516
0,3,0,0,0,1,0,1,0,0,1,0,0,0,0,1,0,0,0,0,0,0,0,0,0,1,0.2449747624498367,-0.5024451714361923
0,3,0,0,0,1,0,1,0,0,1,0,0,0,0,1,0,0,0,0,0,0,0,0,0,1,0.6242286550327536,-0.47400492578514347
1,2,1,1,2,4,0,1,0,0,0,1,0,0,0,0,0,0,0,1,0,0,0,0,0,1,0.25241111328479593,-0.08968408411123653
1,2,1,0,0,1,0,0,0,0,0,1,0,0,0,0,0,0,0,1,0,0,1,0,0,0,-0.4912239702111193,-0.3707300882677209
0,3,1,0,0,1,0,1,0,1,0,0,0,0,0,0,0,0,1,0,0,0,0,0,0,1,-0.5655874785607108,-0.45034666834090825
0,1,0,0,0,1,0,1,0,0,1,0,0,0,0,0,0,0,0,0,0,0,0,0,0,0,0.2449747624498367,0.39858208016340624
0,2,0,1,0,2,0,1,0,0,1,0,0,0,0,1,0,0,0,0,0,0,0,0,0,1,0.3267746216343875,-0.22559322262067316
0,3,0,1,0,2,0,1,0,0,1,0,0,0,0,1,0,0,0,0,0,0,0,0,0,1,-0.04504292011357013,-0.5065566745596926
0,3,0,0,0,1,0,1,0,0,1,0,0,0,0,1,0,0,0,0,0,0,0,0,0,1,-0.5655874785607108,-0.4969926981460655
1,3,1,0,1,2,0,1,0,1,0,0,0,0,0,1,0,0,0,0,0,0,0,0,0,1,-2.052857645552541,-0.4010166847337793
0,3,0,5,2,8,0,1,1,0,0,0,0,0,0,0,0,0,0,1,0,0,0,0,0,1,-1.5323130871054005,0.2958951755118318
0,2,0,0,0,1,0,1,0,0,1,0,0,0,1,0,0,0,0,0,0,0,0,0,0,1,0.2449747624498367,-0.6484216535389205
0,3,0,0,0,1,0,1,0,0,1,0,0,0,0,0,0,0,0,1,0,0,0,0,0,1,1.516590755227852,-0.4863374216869257
1,3,1,0,0,1,0,1,0,0,0,1,0,0,0,0,1,0,0,0,0,0,0,0,0,1,2.4833163637725417,-0.455380340137554
1,1,0,1,0,2,0,0,0,0,1,0,0,0,0,0,0,0,0,0,1,0,0,0,0,0,-0.3424969535119362,1.1854295476653287
0,3,1,3,1,5,0,1,0,1,0,0,0,0,0,0,1,0,0,0,0,0,0,0,0,1,-1.7925853663289708,-0.13565761536436197
1,1,1,1,0,2,0,1,0,0,0,1,0,0,0,0,0,0,0,0,0,1,0,0,0,0,0.401138129983979,1.163700193253568
0,1,0,0,0,1,0,0,0,0,1,0,0,0,0,0,0,0,0,0,1,0,0,0,0,0,2.111498822024584,-0.05042144409739929
0,3,0,0,0,1,0,1,0,0,1,0,0,0,0,0,0,0,0,1,0,0,0,0,0,1,0.029320588236021388,-0.4863374216869257
1,3,0,1,1,3,0,1,1,0,0,0,0,0,0,0,0,0,0,1,0,0,0,0,0,1,-1.5323130871054005,-0.32828012727224753
0,3,0,1,0,2,0,1,0,0,1,0,0,0,0,0,0,1,0,0,0,0,0,0,0,1,0.20110029252357797,-0.2463983948905696
0,3,0,0,0,1,0,1,0,0,1,0,0,0,0,0,0,0,0,1,0,0,0,0,0,1,-0.6399509869103023,-0.5024451714361923
0,1,0,0,0,1,0,1,0,0,1,0,0,0,0,0,0,0,0,0,0,1,0,0,0,0,1.8884082969758094,-0.034313694348132716
0,1,0,0,0,1,0,0,0,0,1,0,0,0,0,0,0,0,0,1,0,0,0,0,0,1,3.0782244305692736,0.3483299278831318
0,3,0,0,0,1,0,1,0,0,1,0,0,0,0,0,0,0,0,1,0,0,0,0,0,1,-0.6399509869103023,-0.4863374216869257
0,3,0,0,0,1,0,0,0,0,1,0,0,0,1,0,0,0,0,0,0,0,0,0,0,1,0.2449747624498367,-0.3573083057891445
1,1,1,1,0,2,0,0,0,1,0,0,0,0,0,1,0,0,0,0,0,0,1,0,0,0,1.8140447886262179,0.9274538680872313
0,3,0,0,0,1,0,1,0,0,1,0,0,0,0,0,0,0,0,1,0,0,0,0,0,1,0.2449747624498367,-0.3443878770215141
0,1,1,1,2,4,0,1,0,0,0,1,0,0,0,0,0,0,0,0,0,1,0,0,0,0,-0.3424969535119362,2.4029901895877646
0,3,0,0,0,1,0,1,0,0,1,0,0,0,0,1,0,0,0,0,0,0,0,0,0,1,-0.41686046186152775,-0.49145565916975514
0,3,0,0,0,1,0,1,0,0,1,0,0,0,0,1,0,0,0,0,0,0,0,0,0,1,-0.9374050203086685,-0.47400492578514347
0,3,1,0,0,1,1,0,0,1,0,0,0,0,0,1,0,0,0,0,0,0,0,0,0,1,-0.6399509869103023,-0.49237782784290063
0,3,1,0,0,1,1,0,0,1,0,0,0,0,0,1,0,0,0,0,0,0,0,0,0,1,-0.13874094063405557,-0.4948100980550399
0,3,1,0,0,1,0,1,0,1,0,0,0,0,0,0,1,0,0,0,0,0,0,0,0,1,0.549865146683162,-0.455380340137554
1,1,1,0,0,1,0,1,0,1,0,0,0,0,0,0,0,0,0,0,1,0,0,0,0,0,-1.0117685286582598,1.093228788100527
0,1,0,1,0,2,0,0,0,0,1,0,0,0,0,0,0,0,0,1,0,1,0,0,0,0,-0.8630415119590769,1.5442457810799908
1,2,1,0,2,3,0,1,0,0,0,1,0,0,1,0,0,0,0,0,0,0,0,0,0,1,0.25241111328479593,-0.12491978668775715
1,1,0,0,0,1,0,1,0,0,1,0,0,0,0,0,0,0,0,0,0,0,0,0,0,1,0.2449747624498367,-0.11384570873513637
0,3,0,0,0,1,0,1,0,0,1,0,0,0,0,0,0,0,0,1,0,0,0,0,0,1,-0.11940642846316166,-0.1948878246611338
1,3,0,0,0,1,0,1,0,0,1,0,0,0,0,0,0,0,0,0,0,0,0,0,0,1,-0.2681334451623447,0.48910360681684706
1,3,0,0,0,1,1,0,0,0,1,0,0,0,0,1,0,0,0,0,0,0,0,0,0,1,-0.04504292011357013,-0.49237782784290063
0,3,0,0,0,1,0,1,0,0,1,0,0,0,0,0,0,0,0,1,0,0,0,0,0,1,0.2449747624498367,-0.4863374216869257
1,1,0,0,0,1,0,1,0,0,1,0,0,0,0,0,0,0,0,1,0,0,0,1,0,0,0.4755016383335705,-0.11913106412161445
1,1,1,1,0,2,0,0,0,0,0,1,0,0,0,0,0,0,0,1,0,0,0,0,0,1,1.8140447886262179,0.5475787653441219
0,3,0,0,0,1,0,1,0,0,1,0,0,0,0,1,0,0,0,0,0,0,0,0,0,1,-0.41686046186152775,-0.4974960653257301
0,1,0,0,0,1,0,1,0,0,1,0,0,0,0,1,0,0,0,0,0,0,1,0,0,0,1.2935002301790772,0.036576512298389464
1,2,1,0,0,1,0,1,0,0,0,1,0,0,0,0,0,0,0,1,0,0,0,0,1,0,0.3267746216343875,-0.43700743807979686
0,3,0,0,0,1,1,0,0,0,1,0,0,0,0,1,0,0,0,0,0,0,0,0,0,1,0.2449747624498367,-0.1621689579829361
1,2,1,1,0,2,0,1,0,0,0,1,0,0,1,0,0,0,0,0,0,0,0,0,0,1,0.4755016383335705,-0.12491978668775715
0,3,0,0,0,1,0,1,0,0,1,0,0,0,0,1,0,0,0,0,0,0,0,0,0,1,0.17804760493520444,-0.4894421904510968
1,1,1,0,0,1,0,1,0,1,0,0,0,0,0,0,0,0,0,0,1,0,0,0,0,0,0.029320588236021388,1.2341715984066093
0,3,0,0,0,1,0,1,0,0,1,0,0,0,0,1,0,0,0,0,0,0,0,0,0,1,-0.5655874785607108,-0.4894421904510968
0,3,0,0,0,1,0,0,0,0,1,0,0,0,1,0,0,0,0,0,0,0,0,0,0,1,0.2449747624498367,-0.5029485386158568
1,1,1,0,1,2,0,0,0,0,0,1,0,0,0,0,0,0,0,0,1,0,0,0,0,0,1.0704097051303028,0.5189714017894245
0,3,0,0,0,1,0,0,0,0,1,0,0,0,1,0,0,0,0,0,0,0,0,0,0,1,0.2449747624498367,-0.5028639729296732
0,3,0,0,0,1,1,0,0,0,1,0,0,0,0,1,0,0,0,0,0,0,0,0,0,1,0.8101374259067323,-0.49237782784290063
1,2,1,0,0,1,0,1,0,1,0,0,0,0,0,0,0,0,0,1,0,0,0,0,0,1,1.516590755227852,-0.43700743807979686
0,1,0,0,0,1,0,1,0,0,1,0,0,0,0,0,0,0,0,1,0,1,0,0,0,0,0.2449747624498367,3.817033162951754
0,3,0,0,0,1,0,1,0,0,1,0,0,0,0,1,0,0,0,0,0,0,0,0,0,1,0.6985921633823451,-0.4888542575852486
0,2,0,2,1,4,0,1,0,0,1,0,0,0,1,0,0,0,0,0,0,0,0,0,0,1,-0.4912239702111193,-0.41687275089321363
1,2,1,1,1,3,0,1,0,1,0,0,0,0,1,0,0,0,0,0,0,0,0,0,0,1,-2.052857645552541,-0.12491978668775715
0,3,0,0,0,1,0,0,0,0,1,0,0,0,1,0,0,0,0,0,0,0,0,0,0,1,0.2449747624498367,-0.5028639729296732
0,3,0,1,1,3,0,0,0,0,1,0,0,0,1,0,0,0,0,0,0,0,0,0,0,1,-0.9374050203086685,-0.5028639729296732
1,3,1,0,2,3,0,0,0,0,0,1,0,0,1,0,0,0,0,0,0,0,0,0,0,1,-0.6823381866695695,-0.19824427701513722
0,3,1,0,0,1,0,1,0,1,0,0,0,0,0,1,0,0,0,0,0,0,0,0,0,1,0.029320588236021388,-0.47400492578514347
1,2,1,0,2,3,0,1,0,1,0,0,0,0,0,0,0,0,0,1,0,0,0,0,0,1,-1.6810401038045837,-0.11988611489111134
0,1,0,0,0,1,0,1,0,0,0,0,1,0,0,0,0,0,0,0,1,0,0,0,0,0,1.1447732134798942,-0.11384570873513637
1,1,1,0,0,1,0,0,0,1,0,0,0,0,0,0,0,0,0,1,0,0,0,0,0,1,0.029320588236021388,1.4944124302931971
0,3,0,0,0,1,0,1,0,0,1,0,0,0,0,1,0,0,0,0,0,0,0,0,0,1,0.2449747624498367,-0.35646868933346404
1,1,1,0,2,3,0,0,0,1,0,0,0,0,0,0,0,0,0,0,1,0,0,0,0,0,-0.5655874785607108,0.3482453621969482
1,1,1,0,2,3,0,1,0,1,0,0,0,0,0,0,0,0,0,1,1,0,0,0,0,0,0.4755016383335705,0.7811411367084872
0,3,1,4,2,7,0,1,0,1,0,0,0,0,0,1,0,0,0,0,0,0,0,0,0,1,-1.5323130871054005,-0.01870931177853076
0,3,1,4,2,7,0,1,0,1,0,0,0,0,0,1,0,0,0,0,0,0,0,0,0,1,-1.3835860704062175,-0.01870931177853076
1,2,0,1,0,2,0,1,0,0,1,0,0,0,1,0,0,0,0,0,0,0,0,0,0,1,0.17804760493520444,-0.12491978668775715
0,1,0,1,0,2,0,0,0,0,1,0,0,0,0,0,0,0,0,1,0,1,0,0,0,0,1.516590755227852,1.4944124302931971
0,1,0,0,0,1,0,1,0,0,1,0,0,0,0,0,0,1,0,0,0,0,0,0,0,1,2.557679872122133,-0.12491978668775715
1,2,1,1,0,2,0,1,0,0,0,1,0,0,1,0,0,0,0,0,0,0,0,0,0,1,-0.7886780036094854,-0.12491978668775715
1,2,0,0,0,1,0,0,0,0,1,0,0,0,0,0,0,0,0,1,0,0,0,0,0,1,0.2449747624498367,-0.3693045524149108
0,3,0,1,1,3,0,1,0,0,1,0,0,0,0,1,0,0,0,0,0,0,0,0,0,1,0.25241111328479593,-0.2351571990343002
1,2,0,1,1,3,0,1,1,0,0,0,0,0,0,0,0,0,0,1,0,0,0,0,0,1,-1.6066765954549922,0.09152810056801232
1,1,0,0,2,3,0,0,0,0,1,0,0,0,0,0,0,0,0,0,0,1,0,0,0,0,-0.9374050203086685,1.5841789061771412
0,2,0,0,0,1,0,1,0,0,1,0,0,0,1,0,0,0,0,0,0,0,0,0,0,1,-0.19376993681275317,-0.12491978668775715
0,3,0,0,0,1,1,0,0,0,1,0,0,0,0,1,0,0,0,0,0,0,0,0,0,1,0.2449747624498367,-0.49078316061772326
1,3,0,0,0,1,0,0,0,0,1,0,0,0,1,0,0,0,0,0,0,0,0,0,0,1,-0.5655874785607108,-0.5029485386158568
1,3,1,0,0,1,0,1,0,1,0,0,0,0,0,1,0,0,0,0,0,0,0,0,0,1,-0.5655874785607108,-0.4918744606632361
0,1,0,0,0,1,0,1,0,0,1,0,0,0,0,0,0,0,0,0,0,0,0,0,0,1,2.40895285542295,-0.11384570873513637
1,1,1,1,0,2,0,0,0,0,0,1,0,0,0,0,0,0,0,0,0,0,0,0,0,0,1.3678637385286687,0.1489119590497745
0,1,0,0,0,1,0,0,0,0,1,0,0,0,0,0,0,0,0,1,0,0,0,0,0,1,0.2449747624498367,3.9327230485884233
1,1,1,1,1,3,0,1,0,0,0,1,0,0,0,0,0,0,0,0,0,0,0,1,0,0,0.6985921633823451,0.955306180872432
1,3,1,1,0,2,0,1,0,0,0,1,0,0,0,1,0,0,0,0,0,0,0,0,0,1,0.4755016383335705,-0.29807809649237277
0,3,0,0,0,1,1,0,0,0,1,0,0,0,0,1,0,0,0,0,0,0,0,0,0,1,0.2449747624498367,-0.49237782784290063
0,3,0,0,0,1,0,1,0,0,1,0,0,0,0,1,0,0,0,0,0,0,0,0,0,1,0.7729556717319366,-0.4894421904510968
0,2,0,0,0,1,0,1,0,0,1,0,0,0,1,0,0,0,0,0,0,0,0,0,0,1,-0.11940642846316166,-0.3766033765200472
0,3,0,0,0,1,0,1,0,0,1,0,0,0,0,0,0,0,0,1,0,0,0,0,0,1,0.2449747624498367,-0.4863374216869257
0,3,1,0,0,1,0,1,0,1,0,0,0,0,0,0,0,0,0,1,0,0,0,0,0,1,-0.13874094063405557,-0.4863374216869257
0,3,0,2,0,3,0,1,0,0,1,0,0,0,0,0,0,0,0,1,0,0,0,0,0,1,-0.41686046186152775,-0.1621689579829361
0,3,0,0,0,1,0,1,0,0,1,0,0,0,0,1,0,0,0,0,0,0,0,0,0,1,-0.7886780036094854,-0.4894421904510968
0,3,1,0,4,5,0,1,0,0,0,1,0,0,0,1,0,0,0,0,0,0,0,0,0,1,-0.04504292011357013,-0.22408312108167944
0,3,0,0,0,1,0,0,0,0,1,0,0,0,1,0,0,0,0,0,0,0,0,0,0,1,0.2449747624498367,-0.5028639729296732
1,3,0,0,0,1,0,1,0,0,1,0,0,0,0,1,0,0,0,0,0,0,0,0,0,1,0.17804760493520444,-0.4902797934380587
1,2,0,0,0,1,0,1,0,0,1,0,0,0,0,0,0,0,0,1,0,0,0,0,0,1,2.40895285542295,-0.43700743807979686
1,1,1,2,0,3,0,1,0,0,0,1,0,0,0,0,0,0,0,0,0,1,0,0,0,0,1.7396812802766264,0.38809593507663365
1,1,0,0,0,1,0,1,0,0,1,0,0,0,0,0,0,0,0,1,0,0,0,1,0,0,0.4755016383335705,-0.11711759540295616
1,3,1,0,0,1,1,0,0,1,0,0,0,0,0,0,0,0,0,0,0,0,0,0,0,1,-0.13874094063405557,-0.49237782784290063
0,3,0,0,0,1,0,1,0,0,1,0,0,0,0,0,0,0,0,1,0,0,0,0,0,1,-1.0117685286582598,-0.4863374216869257
0,3,0,0,0,1,0,1,0,0,1,0,0,0,0,1,0,0,0,0,0,0,0,0,0,1,-0.7886780036094854,-0.35646868933346404
1,2,1,0,0,1,0,1,0,1,0,0,0,0,1,0,0,0,0,0,0,0,0,0,0,1,0.3267746216343875,-0.3866707201133388
1,1,1,1,0,2,0,1,0,0,0,1,0,0,0,0,0,0,0,0,0,0,0,1,0,0,0.6985921633823451,0.4771073601910807
0,3,1,1,0,2,0,0,0,0,0,1,0,0,1,0,0,0,0,0,0,0,0,0,0,1,0.14607129634488009,-0.3573083057891445
1,3,0,0,0,1,0,1,0,0,1,0,0,0,0,0,0,0,0,1,0,0,0,0,0,1,0.17804760493520444,-0.4888542575852486
1,2,1,1,1,3,0,1,0,1,0,0,0,0,1,0,0,0,0,0,0,0,0,0,0,1,-0.3424969535119362,-0.04438103794142432
1,1,1,1,1,3,0,0,0,0,0,1,0,0,0,0,0,0,0,0,0,1,0,0,0,0,0.6985921633823451,1.5841789061771412
0,2,0,0,0,1,0,1,0,0,1,0,0,0,1,0,0,0,0,0,0,0,0,0,0,1,1.8140447886262179,-0.12491978668775715
0,1,0,0,0,1,0,0,0,0,1,0,0,0,0,0,0,0,0,0,0,0,0,0,0,0,0.4755016383335705,0.15948266982273065
0,3,0,0,0,1,0,0,0,0,1,0,0,0,0,1,0,0,0,0,0,0,0,0,0,1,0.2449747624498367,-0.47299819142581434
1,1,1,0,2,3,0,1,0,1,0,0,0,0,0,0,0,0,0,0,0,0,0,1,0,0,-0.8630415119590769,0.955306180872432
0,2,0,0,0,1,0,1,0,0,1,0,0,0,1,0,0,0,0,0,0,0,0,0,0,1,1.2935002301790772,-0.3464013457401724
1,1,0,1,1,3,0,0,0,0,1,0,0,0,0,0,0,0,0,0,1,0,0,0,0,0,2.260225838723767,0.9462455716384695
0,3,0,0,0,1,0,1,0,0,1,0,0,0,0,0,0,0,0,0,0,0,0,0,0,1,-0.5655874785607108,-0.4863374216869257
0,3,0,0,0,1,0,1,0,0,1,0,0,0,0,0,0,0,0,1,0,0,0,0,0,1,0.2449747624498367,-0.4863374216869257
0,3,0,0,0,1,0,1,0,0,1,0,0,0,0,0,0,0,0,1,0,0,0,0,0,1,0.401138129983979,-0.5049620073345151
1,1,1,1,0,2,0,0,0,0,0,1,0,0,0,1,0,0,0,0,0,0,1,0,0,0,1.665317771927035,0.9274538680872313
0,3,0,0,0,1,0,1,0,0,1,0,0,0,0,0,0,0,0,1,0,0,0,0,0,1,1.2935002301790772,-0.5024451714361923
0,3,1,0,2,3,1,0,0,1,0,0,0,0,0,1,0,0,0,0,0,0,0,0,0,1,-1.0251539601611863,-0.49237782784290063
0,2,0,1,0,2,0,1,0,0,1,0,0,0,0,0,0,0,0,1,0,0,0,0,0,1,0.549865146683162,-0.12491978668775715
0,3,0,1,1,3,0,1,0,0,1,0,0,0,0,1,0,0,0,0,0,0,0,0,0,1,0.4755016383335705,-0.1621689579829361
1,2,1,0,0,1,0,1,0,1,0,0,0,0,1,0,0,0,0,0,0,0,0,0,0,1,-0.13874094063405557,0.016023023618325298
0,3,0,0,0,1,0,1,0,0,1,0,0,0,0,0,0,0,0,1,0,0,0,0,0,1,1.4422272468782604,-0.6484216535389205
0,3,0,0,0,1,0,0,0,0,1,0,0,0,1,0,0,0,0,0,0,0,0,0,0,1,0.2449747624498367,-0.5029485386158568
1,1,0,1,0,2,0,0,0,0,1,0,0,0,0,0,0,0,0,1,0,0,0,0,0,0,1.4422272468782604,0.49782998024351216
1,2,1,2,1,4,0,1,0,0,0,1,0,0,1,0,0,0,0,0,0,0,0,0,0,1,-0.41686046186152775,-0.10478509950117394
0,3,0,0,0,1,0,1,0,0,1,0,0,0,0,1,0,0,0,0,0,0,0,0,0,1,0.2449747624498367,-0.4894421904510968
0,1,0,0,0,1,0,1,0,0,1,0,0,0,0,0,0,0,0,0,0,0,0,0,0,1,0.2449747624498367,0.2052890831722074
0,3,0,0,0,1,0,1,0,0,1,0,0,0,0,1,0,0,0,0,0,0,0,0,0,1,1.0704097051303028,-0.4863374216869257
1,1,0,0,0,1,0,0,0,0,1,0,0,0,0,0,0,0,0,0,0,0,0,0,0,1,0.401138129983979,-0.11384570873513637
0,3,0,1,0,2,0,1,0,0,1,0,0,0,0,1,0,0,0,0,0,0,0,0,0,1,0.4755016383335705,-0.3353272677875516
0,3,0,0,0,1,0,1,0,0,1,0,0,0,0,1,0,0,0,0,0,0,0,0,0,1,0.029320588236021388,-0.4894421904510968
1,1,0,0,0,1,0,1,0,0,1,0,0,0,0,0,0,0,0,0,0,0,0,0,0,1,-0.19376993681275317,-0.034313694348132716
1,2,1,1,2,4,0,0,0,0,0,1,0,0,0,0,0,0,0,1,0,0,0,0,0,1,-0.5655874785607108,0.18876253192945994
1,1,1,0,0,1,0,1,0,1,0,0,0,0,0,0,0,0,0,1,0,1,0,0,0,0,0.7729556717319366,2.441497778832105
0,3,1,1,5,7,0,1,0,0,0,1,0,0,0,1,0,0,0,0,0,0,0,0,0,1,0.6985921633823451,-0.01870931177853076
0,3,0,0,0,1,0,1,0,0,1,0,0,0,0,0,0,0,0,1,0,0,0,0,0,1,0.2449747624498367,-0.5064721088735089
1,3,1,1,0,2,1,0,0,1,0,0,0,0,0,1,0,0,0,0,0,0,0,0,0,1,-0.06660833753495161,-0.3363340021468808
0,3,0,0,0,1,1,0,0,0,1,0,0,0,0,1,0,0,0,0,0,0,0,0,0,1,0.2449747624498367,-0.49237782784290063
0,3,0,0,0,1,0,1,0,0,1,0,0,0,0,1,0,0,0,0,0,0,0,0,0,1,0.401138129983979,-0.4863374216869257
1,2,1,1,2,4,0,1,0,1,0,0,0,0,1,0,0,0,0,0,0,0,0,0,0,1,-0.41686046186152775,0.6603330135889879
0,3,0,1,1,3,0,1,0,0,1,0,0,0,0,1,0,0,0,0,0,0,0,0,0,1,0.3267746216343875,-0.35848215805212236
0,3,1,1,0,2,0,1,0,0,0,1,0,0,0,0,0,0,0,1,0,0,0,0,0,1,-0.2681334451623447,-0.32425318983493084
1,2,1,2,1,4,0,1,0,1,0,0,0,0,1,0,0,0,0,0,0,0,0,0,1,0,-1.9041306288533582,0.13683114673782454
0,2,0,0,0,1,0,1,0,0,1,0,0,0,0,1,0,0,0,0,0,0,0,0,0,1,-0.2681334451623447,-0.43700743807979686
0,3,0,1,0,2,0,0,0,0,1,0,0,0,1,0,0,0,0,0,0,0,0,0,0,1,-0.19376993681275317,-0.3573908580066095
1,1,0,1,0,2,0,1,0,0,1,0,0,0,0,0,0,0,0,0,0,0,1,0,0,0,0.9216826884311197,0.40974072380221066
1,3,0,1,1,3,0,0,0,0,1,0,0,0,1,0,0,0,0,0,0,0,0,0,0,1,-0.7143144952598939,-0.33146744825388363
0,3,0,0,0,1,0,1,0,0,1,0,0,0,0,1,0,0,0,0,0,0,0,0,0,1,-0.6399509869103023,-0.4902797934380587
0,3,0,0,0,1,0,1,0,0,1,0,0,0,0,0,0,0,0,1,0,0,0,0,0,1,-0.6399509869103023,-0.32425318983493084
0,1,0,0,0,1,0,1,0,0,1,0,0,0,0,1,0,0,0,0,0,0,1,0,0,0,2.3345893470733587,0.002347544081197954
0,2,0,0,0,1,1,0,0,0,0,0,0,1,1,0,0,0,0,0,0,0,0,0,0,1,2.0371353136749923,-0.3997582667846179
1,1,1,0,0,1,0,1,0,1,0,0,0,0,0,0,0,0,0,0,0,0,1,0,0,0,-0.6399509869103023,0.921244330558889
0,3,0,0,0,1,0,1,0,0,1,0,0,0,0,1,0,0,0,0,0,0,0,0,0,1,-0.2681334451623447,-0.4894421904510968
0,3,0,0,0,1,1,0,0,0,1,0,0,0,0,1,0,0,0,0,0,0,0,0,0,1,0.2449747624498367,-0.49271407711891657
1,1,0,0,0,1,0,1,0,0,1,0,0,0,1,0,0,0,0,0,0,0,0,0,0,0,3.7474960057155977,-0.04438103794142432
0,3,0,0,0,1,0,1,0,0,1,0,0,0,0,1,0,0,0,0,0,0,0,0,0,1,1.5909542635774434,-0.5063875431873253
1,1,0,0,0,1,0,0,0,0,0,0,0,0,0,0,0,0,0,0,1,0,0,0,0,0,0.17804760493520444,-0.034313694348132716
0,1,0,0,0,1,0,1,0,0,1,0,0,0,0,0,0,0,0,0,0,0,0,0,0,1,0.2449747624498367,-0.6484216535389205
0,3,1,3,2,6,0,1,0,1,0,0,0,0,0,1,0,0,0,0,0,0,0,0,0,1,-1.5323130871054005,-0.08666388103324908
1,2,1,0,0,1,0,1,0,1,0,0,0,0,1,0,0,0,0,0,0,0,0,0,0,1,-0.11940642846316166,-0.3866707201133388
0,3,0,0,0,1,0,1,0,0,1,0,0,0,0,0,0,0,0,1,0,0,0,0,0,1,0.17804760493520444,-0.4888542575852486
0,2,0,1,1,3,0,1,0,0,1,0,0,0,0,0,0,0,0,1,0,0,0,0,0,1,0.10368409658561291,-0.11988611489111134
0,3,1,0,5,6,0,1,0,0,0,1,0,0,0,1,0,0,0,0,0,0,0,0,0,1,0.8473191800815282,0.1506737441786005
0,3,0,1,0,2,0,1,0,0,1,0,0,0,0,1,0,0,0,0,0,0,0,0,0,1,0.20110029252357797,-0.32425318983493084
0,3,0,0,0,1,0,1,0,0,1,0,0,0,0,1,0,0,0,0,0,0,0,0,0,1,-0.7143144952598939,-0.4902797934380587
1,1,1,0,0,1,0,0,0,0,0,0,1,0,0,0,0,0,0,1,1,0,0,0,0,0,-0.41686046186152775,0.7469121684912956
0,3,1,3,2,6,0,1,0,1,0,0,0,0,0,1,0,0,0,0,0,0,0,0,0,1,-2.052857645552541,-0.08666388103324908
1,3,0,0,0,1,0,1,0,0,1,0,0,0,0,0,0,0,0,0,0,0,0,0,0,1,0.2449747624498367,0.48910360681684706
1,3,1,2,1,4,0,0,0,1,0,0,0,0,1,0,0,0,0,0,0,0,0,0,0,1,-2.1458120309895308,-0.26066180729354516
1,1,0,1,0,2,0,0,0,0,1,0,0,0,0,0,0,0,0,1,0,0,1,0,0,0,1.3678637385286687,0.8964967865378598
0,3,0,0,0,1,0,1,0,0,1,0,0,0,0,1,0,0,0,0,0,0,0,0,0,1,-0.7886780036094854,-0.4894421904510968
1,1,0,0,0,1,0,0,0,0,0,0,1,0,0,0,0,0,0,0,0,0,0,0,0,0,1.962771805325401,0.06635974158478332
0,3,0,0,0,1,0,1,0,0,1,0,0,0,0,0,0,0,0,1,0,0,0,0,0,1,0.2449747624498367,-0.49640476528021726
1,3,1,0,0,1,0,1,0,1,0,0,0,0,0,0,0,0,0,1,0,0,0,0,0,1,-0.4912239702111193,-0.49640476528021726
0,3,0,0,0,1,0,1,0,0,1,0,0,0,0,1,0,0,0,0,0,0,0,0,0,1,0.2449747624498367,-0.4894421904510968
1,2,1,0,1,2,0,1,0,1,0,0,0,0,1,0,0,0,0,0,0,0,0,0,0,1,-0.8630415119590769,-0.18532384824750675
0,3,0,0,0,1,0,1,0,0,1,0,0,0,0,0,0,0,0,1,0,0,0,0,0,1,-0.6399509869103023,-0.47861979608830835
1,3,1,0,0,1,1,0,0,1,0,0,0,0,0,1,0,0,0,0,0,0,0,0,0,1,-0.13874094063405557,-0.49078316061772326
0,3,1,0,0,1,1,0,0,1,0,0,0,0,0,1,0,0,0,0,0,0,0,0,0,1,-0.8630415119590769,-0.5125125150294839
0,2,0,2,0,3,0,1,0,0,1,0,0,0,0,0,0,0,0,1,0,0,0,0,0,1,-0.41686046186152775,0.8314778546749452
0,3,0,0,0,1,0,1,0,0,1,0,0,0,0,1,0,0,0,0,0,0,0,0,0,1,0.2449747624498367,-0.4894421904510968
0,3,1,1,1,3,1,0,0,0,0,1,0,0,0,1,0,0,0,0,0,0,0,0,0,1,0.17804760493520444,-0.3363340021468808
0,2,0,0,0,1,0,1,0,0,1,0,0,0,1,0,0,0,0,0,0,0,0,0,0,1,-0.4912239702111193,-0.3866707201133388
0,1,0,0,2,3,0,0,0,0,1,0,0,0,0,1,0,0,0,0,0,0,1,0,0,0,2.111498822024584,1.6323350375212924
1,1,0,2,0,3,0,1,0,0,0,0,0,0,0,0,0,0,0,1,0,0,0,0,0,1,1.516590755227852,2.042579288947925
0,3,0,0,0,1,0,0,0,0,1,0,0,0,1,0,0,0,0,0,0,0,0,0,0,1,0.7729556717319366,-0.5029485386158568
0,1,0,0,0,1,0,1,0,0,1,0,0,0,0,0,0,0,0,1,0,0,0,1,0,0,1.2935002301790772,-0.13322534515222276
0,3,0,0,0,1,0,1,0,0,1,0,0,0,0,1,0,0,0,0,0,0,0,0,0,1,0.4755016383335705,-0.4974960653257301
1,3,0,1,0,2,0,1,0,0,1,0,0,0,0,0,0,0,0,1,0,0,0,0,0,1,-0.7143144952598939,-0.4888542575852486
0,2,0,2,0,3,0,1,0,0,1,0,0,0,0,0,0,0,0,1,0,0,0,0,0,1,0.17804760493520444,0.8314778546749452
0,2,0,0,0,1,0,1,0,0,1,0,0,0,1,0,0,0,0,0,0,0,0,0,0,1,-0.3424969535119362,-0.3866707201133388
0,3,0,0,0,1,0,1,0,0,1,0,0,0,0,1,0,0,0,0,0,0,0,0,0,1,0.2449747624498367,-0.4918744606632361
0,3,0,0,0,1,0,1,0,0,1,0,0,0,0,0,0,0,0,1,0,0,0,0,0,1,0.9960461967807112,-0.4863374216869257
1,1,1,1,0,2,0,1,0,0,0,1,0,0,0,0,0,0,0,0,0,1,0,0,0,0,0.14607129634488009,0.39858208016340624
1,2,1,1,1,3,0,1,0,0,0,1,0,0,1,0,0,0,0,0,0,0,0,0,0,1,0.7729556717319366,0.13683114673782454
0,1,0,1,0,2,0,1,0,0,1,0,0,0,0,0,0,0,0,1,1,0,0,0,0,0,0.10368409658561291,0.39858208016340624
0,2,0,0,0,1,0,1,0,0,1,0,0,0,0,0,0,0,0,1,0,0,0,0,0,1,3.0038609222196824,-0.43700743807979686
1,2,0,0,0,1,0,1,0,0,1,0,0,0,1,0,0,0,0,0,0,0,0,0,0,1,0.10368409658561291,-0.3866707201133388
0,2,0,0,0,1,0,1,0,0,1,0,0,0,1,0,0,0,0,0,0,0,0,0,0,1,0.2449747624498367,-0.6484216535389205
0,3,0,0,0,1,0,1,0,0,1,0,0,0,0,1,0,0,0,0,0,0,0,0,0,1,-0.8630415119590769,-0.4918744606632361
0,3,0,0,0,1,0,1,0,0,1,0,0,0,0,1,0,0,0,0,0,0,0,0,0,1,-0.379678707686732,-0.4863374216869257
1,3,1,0,0,1,0,1,0,1,0,0,0,0,0,0,1,0,0,0,0,0,0,0,0,1,-0.8630415119590769,-0.45026210265472455
0,3,1,1,6,8,0,1,0,0,0,1,0,0,0,0,0,0,0,1,0,0,0,0,0,1,0.9960461967807112,0.2958951755118318
1,1,0,0,1,2,0,0,0,0,0,0,0,0,0,0,0,0,0,1,1,0,0,0,0,0,0.4755016383335705,9.667166525013505
0,3,1,0,0,1,1,0,0,1,0,0,0,0,0,1,0,0,0,0,0,0,0,0,0,1,-0.13874094063405557,-0.48457563655809965
1,1,0,0,0,1,0,0,0,0,1,0,0,0,0,0,0,0,0,1,0,0,1,0,0,0,-0.19376993681275317,0.8964967865378598
0,3,0,0,0,1,0,1,0,0,1,0,0,0,0,0,0,1,0,0,0,0,0,0,0,1,-0.7143144952598939,-0.4626791642426904
0,3,0,5,2,8,0,1,0,0,1,0,0,0,0,0,0,0,0,1,0,0,0,0,0,1,-1.160495545357443,0.2958951755118318
0,2,0,1,1,3,0,1,0,0,1,0,0,0,1,0,0,0,0,0,0,0,0,0,0,1,2.260225838723767,0.13683114673782454
0,2,0,1,2,4,0,0,0,0,1,0,0,0,0,0,0,0,0,1,0,0,0,0,0,1,-0.3424969535119362,0.18876253192945994
0,3,0,4,1,6,0,1,0,0,1,0,0,0,0,1,0,0,0,0,0,0,0,0,0,1,-1.160495545357443,0.1506737441786005
0,3,0,0,0,1,0,1,0,0,1,0,0,0,0,1,0,0,0,0,0,0,0,0,0,1,-0.7886780036094854,-0.44363577710162005
0,3,0,0,0,1,0,1,0,0,1,0,0,0,0,1,0,0,0,0,0,0,0,0,0,1,-0.8630415119590769,-0.49145565916975514
1,1,1,0,1,2,0,1,0,1,0,0,0,0,1,0,0,0,0,0,1,0,0,0,0,0,-1.0861320370078515,3.6067927997556075
1,1,0,1,0,2,0,1,0,0,1,0,0,0,0,0,0,0,0,0,1,0,0,0,0,0,0.10368409658561291,0.49925551609632224
1,3,1,0,1,2,0,0,0,1,0,0,0,0,0,1,0,0,0,0,0,0,0,0,0,1,-1.9041306288533582,-0.37828059596268965
1,3,0,0,0,1,0,1,0,0,1,0,0,0,0,0,0,0,0,0,0,0,0,0,0,1,0.2449747624498367,0.48910360681684706
0,3,0,0,0,1,0,0,0,0,1,0,0,0,1,0,0,0,0,0,0,0,0,0,0,1,-0.3424969535119362,-0.5029485386158568
0,1,0,0,0,1,0,1,0,0,0,0,1,0,0,0,0,0,0,0,0,0,0,0,0,1,2.260225838723767,-0.11384570873513637
0,2,0,0,0,1,0,1,0,0,1,0,0,0,1,0,0,0,0,0,0,0,0,0,0,1,1.665317771927035,-0.3766033765200472
0,3,0,0,0,1,0,1,0,0,1,0,0,0,0,1,0,0,0,0,0,0,0,0,0,1,1.0704097051303028,-0.4863374216869257
1,3,1,0,0,1,1,0,0,1,0,0,0,0,0,1,0,0,0,0,0,0,0,0,0,1,-0.13874094063405557,-0.49271407711891657
0,1,0,1,1,3,0,0,0,0,1,0,0,0,0,0,0,0,0,0,0,1,0,0,0,0,1.4422272468782604,1.5841789061771412
0,3,0,0,0,1,0,1,0,0,1,0,0,0,0,1,0,0,0,0,0,0,0,0,1,0,0.9216826884311197,-0.494391296561559
1,1,1,1,0,2,0,0,0,0,0,1,0,0,0,0,0,0,0,1,0,1,0,0,0,0,-0.8630415119590769,3.9327230485884233
1,1,0,0,0,1,0,1,0,0,1,0,0,0,0,0,0,0,0,1,0,0,0,1,0,0,0.401138129983979,-0.11913106412161445
0,3,1,0,1,2,0,0,0,1,0,0,0,0,1,0,0,0,0,0,0,0,0,0,0,1,-0.8630415119590769,-0.3573908580066095
0,3,0,0,0,1,1,0,0,0,1,0,0,0,0,1,0,0,0,0,0,0,0,0,0,1,-0.3424969535119362,-0.4925449457465493
0,3,0,1,0,2,0,1,0,0,1,0,0,0,0,1,0,0,0,0,0,0,0,0,0,1,-0.2681334451623447,-0.4902797934380587
0,2,0,0,0,1,0,1,0,0,1,0,0,0,1,0,0,0,0,0,0,0,0,0,0,1,0.6985921633823451,-0.12491978668775715
1,2,1,0,0,1,0,1,0,0,0,1,0,0,1,0,0,0,0,0,0,0,0,0,0,1,1.1447732134798942,-0.3766033765200472
1,1,0,0,0,1,0,1,0,0,1,0,0,0,0,0,0,0,0,1,0,0,0,1,0,0,0.9216826884311197,-0.11913106412161445
1,1,1,0,0,1,0,1,0,1,0,0,0,0,0,0,0,0,0,0,0,0,0,0,0,1,-0.5655874785607108,2.4029901895877646
1,3,0,1,1,3,0,0,1,0,0,0,0,0,1,0,0,0,0,0,0,0,0,0,0,1,-1.861743429094091,-0.3414522396297103
1,1,1,0,0,1,0,0,0,0,0,1,0,0,0,0,0,0,0,1,0,1,0,0,0,0,-0.41686046186152775,0.3483299278831318
0,1,0,0,0,1,0,1,0,0,1,0,0,0,0,0,0,0,0,0,0,1,0,0,0,0,0.2449747624498367,-0.11384570873513637
1,1,0,1,0,2,0,1,0,0,1,0,0,0,0,0,0,0,0,0,0,1,0,0,0,0,1.3678637385286687,0.39858208016340624
0,3,0,0,0,1,0,1,0,0,1,0,0,0,0,0,0,0,1,0,0,0,0,0,0,1,-0.04504292011357013,-0.457478374542396
0,2,0,0,0,1,0,1,0,0,1,0,0,0,1,0,0,0,0,0,0,0,0,0,0,1,1.665317771927035,-0.3866707201133388
0,3,0,0,0,1,0,1,0,0,1,0,0,0,0,1,0,0,0,0,0,0,0,0,1,0,-0.7886780036094854,-0.494391296561559
1,1,1,0,0,1,0,0,0,1,0,0,0,0,0,0,0,0,0,1,0,1,0,0,0,0,0.6242286550327536,3.9327230485884233
1,2,1,0,0,1,0,1,0,1,0,0,0,0,0,1,0,0,0,0,0,0,0,1,0,0,-0.19376993681275317,-0.43700743807979686
0,3,0,0,0,1,1,0,0,0,1,0,0,0,0,1,0,0,0,0,0,0,0,0,0,1,0.2449747624498367,-0.3363340021468808
0,3,0,0,0,1,0,1,0,0,1,0,0,0,0,1,0,0,0,0,0,0,0,0,0,1,0.25241111328479593,-0.4918744606632361
1,2,1,0,1,2,0,1,0,1,0,0,0,0,1,0,0,0,0,0,0,0,0,0,0,1,-1.7554036121541752,0.016023023618325298
0,3,0,1,0,2,0,1,0,0,1,0,0,0,0,1,0,0,0,0,0,0,0,0,0,1,-0.9374050203086685,-0.5063875431873253
0,2,0,0,0,1,0,1,0,0,1,0,0,0,0,0,0,0,0,0,0,0,0,0,0,1,0.3267746216343875,-0.3866707201133388
0,2,0,0,0,1,0,1,0,0,1,0,0,0,1,0,0,0,0,0,0,0,0,0,0,1,1.516590755227852,-0.3866707201133388
1,1,0,1,0,2,0,1,0,0,1,0,0,0,0,0,0,0,0,0,0,0,0,1,0,0,-0.19376993681275317,0.4207302360686478
0,3,0,0,0,1,0,1,0,0,1,0,0,0,0,1,0,0,0,0,0,0,0,0,0,1,-0.7143144952598939,-0.47400492578514347
1,2,1,3,0,4,0,1,0,0,0,1,0,0,0,1,0,0,0,0,0,0,0,0,0,1,0.029320588236021388,-0.22559322262067316
1,3,1,0,0,1,1,0,0,1,0,0,0,0,0,1,0,0,0,0,0,0,0,0,0,1,-0.13874094063405557,-0.4926295114327329
0,2,0,1,0,2,0,1,0,0,1,0,0,0,1,0,0,0,0,0,0,0,0,0,0,1,-0.3424969535119362,-0.12491978668775715
0,3,1,1,0,2,0,1,0,1,0,0,0,0,0,0,0,0,0,1,0,0,0,0,0,1,-0.3424969535119362,-0.4888542575852486
1,1,1,0,0,1,0,1,0,1,0,0,0,0,1,0,0,0,0,0,1,0,0,0,0,0,-0.04504292011357013,3.6067927997556075
0,3,0,0,0,1,0,0,0,0,1,0,0,0,1,0,0,0,0,0,0,0,0,0,0,1,-1.3835860704062175,-0.2701412180209885
0,2,0,0,0,1,0,1,0,0,1,0,0,0,1,0,0,0,0,0,0,0,0,0,0,1,0.2449747624498367,-0.6484216535389205
0,2,0,0,0,1,0,1,0,0,1,0,0,0,1,0,0,0,0,0,0,0,0,0,0,1,-0.4912239702111193,-0.3866707201133388
0,2,0,0,0,1,0,1,0,0,1,0,0,0,1,0,0,0,0,0,0,0,0,0,0,1,-0.4912239702111193,-0.3866707201133388
0,3,0,0,0,1,0,1,0,0,1,0,0,0,0,0,0,0,0,1,0,0,0,0,0,1,-0.0822246742883659,-0.32425318983493084
0,3,1,1,3,5,0,1,0,0,0,1,0,0,0,0,0,0,0,1,0,0,0,0,0,1,1.3678637385286687,0.04370821849987721
1,1,0,0,0,1,0,0,0,0,1,0,0,0,0,0,0,0,0,1,1,0,0,0,0,0,0.401138129983979,9.667166525013505
0,3,0,0,0,1,0,1,0,0,1,0,0,0,0,1,0,0,0,0,0,0,0,0,0,1,0.2449747624498367,-0.4894421904510968
0,3,0,0,0,1,0,1,0,0,1,0,0,0,0,1,0,0,0,0,0,0,0,0,0,1,0.2449747624498367,-0.4894421904510968
1,1,0,0,0,1,0,1,0,0,1,0,0,0,0,0,0,0,0,0,0,0,1,0,0,0,0.2449747624498367,-0.04438103794142432
0,1,0,1,0,2,0,1,0,0,1,0,0,0,0,0,0,0,0,0,0,1,0,0,0,0,0.4755016383335705,0.9391984311231651
1,1,1,2,2,5,0,0,0,1,0,0,0,0,0,0,0,0,0,1,1,0,0,0,0,0,-0.6399509869103023,4.634416897040849
0,3,0,1,0,2,0,1,0,0,1,0,0,0,0,1,0,0,0,0,0,0,0,0,0,1,-0.41686046186152775,-0.32425318983493084
1,3,0,0,0,1,0,1,0,0,1,0,0,0,0,0,0,0,0,1,0,0,0,0,0,1,0.10368409658561291,-0.4888542575852486
0,1,0,1,1,3,0,1,0,0,0,0,1,0,0,0,0,0,0,1,1,0,0,0,0,0,3.0038609222196824,0.7811411367084872
0,3,0,1,1,3,0,1,0,0,1,0,0,0,0,0,0,0,0,1,0,0,0,0,0,1,-1.0117685286582598,-0.24069423801061057
1,2,1,0,0,1,0,1,0,1,0,0,0,0,1,0,0,0,0,0,0,0,0,0,0,1,0.029320588236021388,-0.3866707201133388
0,1,0,1,0,2,0,1,0,0,1,0,0,0,0,0,0,0,0,0,0,0,1,0,0,0,-0.7886780036094854,0.4207302360686478
0,3,0,0,0,1,1,0,0,0,1,0,0,0,0,1,0,0,0,0,0,0,0,0,0,1,0.10368409658561291,-0.49237782784290063
1,2,1,1,1,3,0,1,0,1,0,0,0,0,1,0,0,0,0,0,0,0,0,0,0,1,-1.9041306288533582,-0.18532384824750675
1,3,0,0,1,2,0,1,1,0,0,0,0,0,0,1,0,0,0,0,0,0,0,1,0,0,-1.7554036121541752,-0.397241430886295
0,3,0,0,0,1,0,1,0,0,1,0,0,0,0,1,0,0,0,0,0,0,0,0,0,1,0.25241111328479593,-0.45714212526638004
0,3,0,0,0,1,0,1,0,0,1,0,0,0,0,1,0,0,0,0,0,0,0,0,0,1,-0.4912239702111193,-0.4894421904510968
1,2,1,1,2,4,0,1,0,0,0,1,0,0,1,0,0,0,0,0,0,0,0,0,0,1,1.3678637385286687,0.6603330135889879
1,2,0,1,1,3,0,1,1,0,0,0,0,0,1,0,0,0,0,0,0,0,0,0,0,1,-2.151761111657498,-0.35646868933346404
0,3,0,0,0,1,0,1,0,0,1,0,0,0,0,1,0,0,0,0,0,0,0,0,0,1,-0.11940642846316166,-0.49145565916975514
0,2,0,0,0,1,0,1,0,0,1,0,0,0,1,0,0,0,0,0,0,0,0,0,0,1,-0.8630415119590769,-0.41687275089321363
0,3,0,0,0,1,0,1,0,0,1,0,0,0,0,1,0,0,0,0,0,0,0,0,0,1,0.3267746216343875,-0.4863374216869257
1,1,1,0,0,1,0,1,0,0,0,0,1,0,0,0,0,0,0,0,1,0,0,0,0,0,0.25241111328479593,1.093228788100527
0,3,0,0,0,1,0,1,0,0,1,0,0,0,0,1,0,0,0,0,0,0,0,0,0,1,0.2449747624498367,-0.35646868933346404
0,3,0,0,0,1,0,1,0,0,1,0,0,0,0,0,0,0,0,1,0,0,0,0,0,1,0.8473191800815282,-0.5049620073345151
1,3,0,0,0,1,0,0,0,0,1,0,0,0,1,0,0,0,0,0,0,0,0,0,0,1,-0.7143144952598939,-0.5028639729296732
1,1,1,1,2,4,0,1,0,0,0,1,0,0,0,0,0,0,0,0,1,0,0,0,0,0,0.4755016383335705,1.7677408088510642
0,3,0,0,0,1,0,1,0,0,1,0,0,0,0,1,0,0,0,0,0,0,0,0,0,1,-1.0117685286582598,-0.4918744606632361
1,1,1,1,0,2,0,1,0,0,0,1,0,0,0,0,0,0,0,0,0,0,1,0,0,0,1.5909542635774434,0.921244330558889
0,1,0,0,0,1,0,0,0,0,0,0,0,0,0,0,0,0,0,0,0,0,0,0,0,1,0.2449747624498367,0.1489119590497745
0,3,1,0,0,1,1,0,0,1,0,0,0,0,0,1,0,0,0,0,0,0,0,0,0,1,0.06650234241081715,-0.49237782784290063
0,3,0,1,0,2,1,0,0,0,1,0,0,0,0,1,0,0,0,0,0,0,0,0,0,1,0.20110029252357797,-0.1621689579829361
0,3,0,0,0,1,0,1,0,0,1,0,0,0,0,0,0,0,0,1,0,0,0,0,0,1,0.17804760493520444,-0.4800453319411184
0,3,0,0,0,1,0,1,0,0,1,0,0,0,0,1,0,0,0,0,0,0,0,0,0,1,-0.41686046186152775,-0.45714212526638004
0,3,0,0,0,1,0,1,0,0,1,0,0,0,0,1,0,0,0,0,0,0,0,0,0,1,1.3678637385286687,-0.4902797934380587
0,2,1,0,0,1,0,1,0,0,0,1,0,0,0,0,0,0,0,1,0,0,0,1,0,0,2.0371353136749923,-0.43700743807979686
0,3,0,0,0,1,0,0,0,0,1,0,0,0,1,0,0,0,0,0,0,0,0,0,0,1,0.2449747624498367,-0.5029485386158568
1,2,1,1,3,5,0,1,0,0,0,1,0,0,1,0,0,0,0,0,0,0,0,0,0,1,1.8140447886262179,-0.18532384824750675
0,3,0,0,0,1,0,1,0,0,1,0,0,0,0,1,0,0,0,0,0,0,0,0,0,1,-0.8630415119590769,-0.49237782784290063
0,3,0,0,0,1,1,0,0,0,1,0,0,0,0,1,0,0,0,0,0,0,0,0,1,0,0.2449747624498367,-0.49237782784290063
1,3,1,0,0,1,0,1,0,1,0,0,0,0,0,1,0,0,0,0,0,0,0,0,0,1,-1.8297671205037667,-0.397241430886295
0,3,0,0,0,1,1,0,0,0,1,0,0,0,0,1,0,0,0,0,0,0,0,0,0,1,0.2449747624498367,-0.4926295114327329
1,1,1,0,1,2,0,1,0,0,0,1,0,0,1,0,0,0,0,0,1,0,0,0,0,0,0.9960461967807112,3.6067927997556075
1,3,1,0,0,1,0,0,0,1,0,0,0,0,1,0,0,0,0,0,0,0,0,0,0,1,-1.2348590537070345,-0.5028639729296732
1,1,1,1,0,2,0,1,0,0,0,1,0,0,0,0,0,0,0,0,1,0,0,0,0,0,-0.9374050203086685,0.49925551609632224
0,1,0,0,0,1,0,1,0,0,1,0,0,0,0,0,0,0,0,0,0,0,1,0,0,0,-0.04504292011357013,-0.04438103794142432
0,3,0,1,2,4,0,1,0,0,1,0,0,0,0,0,0,0,0,1,0,0,0,0,0,1,-0.7574453301026568,-0.17626323901354432
0,3,0,0,0,1,0,1,0,0,1,0,0,0,0,0,0,0,0,1,0,0,0,0,0,1,-0.3424969535119362,-0.5064721088735089
0,3,0,0,0,1,0,1,0,0,1,0,0,0,0,1,0,0,0,0,0,0,0,0,0,1,-0.3424969535119362,-0.5024451714361923
1,3,1,0,0,1,0,1,0,1,0,0,0,0,0,1,0,0,0,0,0,0,0,0,0,1,-0.8630415119590769,-0.4974960653257301
0,3,0,4,1,6,1,0,1,0,0,0,0,0,0,1,0,0,0,0,0,0,0,0,0,1,-1.6066765954549922,-0.06199888922968463
1,3,0,1,2,4,0,1,1,0,0,0,0,0,0,0,0,0,0,1,0,0,0,0,0,1,-2.127221153902133,-0.23415046467497105
0,1,0,0,0,1,0,0,0,0,1,0,0,0,0,0,0,0,0,1,1,0,0,0,0,0,1.2191367218294857,0.9462455716384695
0,3,0,0,0,1,1,0,0,0,1,0,0,0,0,0,0,0,0,0,0,0,0,0,0,1,0.2449747624498367,-0.49237782784290063
0,2,0,0,0,1,0,1,0,0,1,0,0,0,1,0,0,0,0,0,0,0,0,0,0,1,-1.0117685286582598,-0.12491978668775715
0,3,1,8,2,11,0,1,0,1,0,0,0,0,0,0,0,0,0,1,0,0,0,0,0,1,-1.861743429094091,0.7519458402879414
0,1,0,0,0,1,0,0,0,0,1,0,0,0,0,0,0,0,0,1,0,0,0,0,0,1,0.2449747624498367,-0.030371322596999754
0,3,0,0,0,1,0,1,0,0,1,0,0,0,0,1,0,0,0,0,0,0,0,0,0,1,-0.3424969535119362,-0.4894421904510968
0,2,0,0,0,1,0,1,0,0,1,0,0,0,1,0,0,0,0,0,0,0,0,0,0,1,0.6985921633823451,-0.3866707201133388
1,1,1,0,0,1,0,1,0,0,0,0,0,0,0,0,0,0,0,0,0,0,1,0,0,0,1.4422272468782604,-0.1263453225405672
1,3,1,0,0,1,0,1,0,0,0,1,0,0,0,1,0,0,0,0,0,0,0,0,0,1,0.10368409658561291,-0.4735861242916626
0,3,0,0,0,1,0,0,0,0,1,0,0,0,1,0,0,0,0,0,0,0,0,0,0,1,0.029320588236021388,-0.5028639729296732
0,3,1,1,1,3,0,1,0,0,0,1,0,0,0,1,0,0,0,0,0,0,0,0,0,1,0.029320588236021388,-0.1621689579829361
0,2,0,0,0,1,0,1,0,0,1,0,0,0,1,0,0,0,0,0,0,0,0,0,0,1,0.3267746216343875,-0.3866707201133388
1,2,1,1,1,3,0,1,0,0,0,1,0,0,0,0,0,0,0,1,0,0,0,0,0,1,0.10368409658561291,-0.11988611489111134
1,1,0,1,2,4,0,1,1,0,0,0,0,0,0,0,0,0,0,0,1,0,0,0,0,0,-1.3835860704062175,1.7677408088510642
1,3,0,0,1,2,0,0,1,0,0,0,0,0,1,0,0,0,0,0,0,0,0,0,0,1,-2.170351988744896,-0.47694056317694733
1,3,0,0,0,1,0,1,0,0,1,0,0,0,0,1,0,0,0,0,0,0,0,0,0,1,-0.19376993681275317,-0.5079822104125026
0,3,0,0,0,1,0,1,0,0,1,0,0,0,0,1,0,0,0,0,0,0,0,0,0,1,0.10368409658561291,-0.4918744606632361
0,1,0,0,0,1,0,1,0,0,1,0,0,0,0,0,0,0,0,0,0,0,0,0,0,0,0.6985921633823451,-0.6484216535389205
0,3,1,0,0,1,0,1,0,1,0,0,0,0,0,1,0,0,0,0,0,0,0,0,0,1,-0.8630415119590769,-0.4918744606632361
0,2,0,0,0,1,0,1,0,0,1,0,0,0,1,0,0,0,0,0,0,0,0,0,0,1,0.6985921633823451,-0.3866707201133388
1,1,1,1,0,2,0,1,0,0,0,1,0,0,0,0,0,0,0,0,0,0,0,1,0,0,0.25241111328479593,0.4207302360686478
0,3,0,0,0,1,0,1,0,0,1,0,0,0,0,1,0,0,0,0,0,0,0,0,0,1,-0.2681334451623447,-0.4896093083547455
0,3,0,0,0,1,0,1,0,0,1,0,0,0,0,0,0,0,0,1,0,0,0,0,0,1,0.6985921633823451,-0.1621689579829361
0,2,0,0,0,1,0,1,0,0,1,0,0,0,1,0,0,0,0,0,0,0,0,0,0,1,0.401138129983979,-0.43700743807979686
0,3,1,4,2,7,0,1,0,1,0,0,0,0,0,1,0,0,0,0,0,0,0,0,0,1,-1.7554036121541752,-0.01870931177853076
0,3,0,0,0,1,0,1,0,0,1,0,0,0,0,1,0,0,0,0,0,0,0,0,0,1,0.06650234241081715,-0.4863374216869257
0,1,0,0,0,1,0,1,0,0,1,0,0,0,0,0,0,0,0,0,1,0,0,0,0,0,0.2449747624498367,-0.6484216535389205
0,3,1,0,0,1,0,1,0,1,0,0,0,0,0,0,0,0,0,1,0,0,0,0,0,1,-0.4912239702111193,-0.4888542575852486
0,2,0,1,1,3,0,0,0,0,1,0,0,0,0,0,0,0,0,1,0,0,0,0,0,1,0.10368409658561291,0.09664633805084172
0,3,0,0,0,1,0,1,0,0,1,0,0,0,0,0,0,0,0,1,0,0,0,0,0,1,0.9960461967807112,-0.5185529211854588
0,3,0,3,2,6,0,1,1,0,0,0,0,0,0,1,0,0,0,0,0,0,0,0,0,1,-1.457949578755809,-0.08666388103324908
1,1,1,1,1,3,0,1,0,0,0,1,0,0,0,0,0,0,0,0,1,0,0,0,0,0,1.665317771927035,1.2341715984066093
1,3,0,0,0,1,0,1,0,0,1,0,0,0,0,1,0,0,0,0,0,0,0,0,0,1,-0.19376993681275317,-0.47400492578514347
0,1,0,0,0,1,0,1,0,0,0,0,1,0,0,0,0,0,0,0,0,0,0,0,0,1,0.6242286550327536,-0.6484216535389205
1,3,1,0,1,2,0,1,0,0,0,1,0,0,0,1,0,0,0,0,0,0,0,1,0,0,-0.19376993681275317,-0.397241430886295
0,3,0,4,1,6,0,1,1,0,0,0,0,0,0,1,0,0,0,0,0,0,0,0,0,1,-2.052857645552541,0.1506737441786005
0,3,0,0,0,1,1,0,0,0,1,0,0,0,0,1,0,0,0,0,0,0,0,0,0,1,0.2449747624498367,-0.5084855775921673
0,3,0,0,0,1,0,1,0,0,1,0,0,0,0,0,0,0,0,0,0,0,0,0,0,1,0.2449747624498367,0.48910360681684706
1,2,0,0,2,3,0,0,1,0,0,0,0,0,0,0,0,0,0,1,0,0,0,0,0,1,-2.127221153902133,0.09664633805084172
1,3,0,0,0,1,1,0,0,0,1,0,0,0,0,1,0,0,0,0,0,0,0,0,0,1,0.2449747624498367,-0.49237782784290063
1,1,1,0,0,1,0,1,0,0,0,1,0,0,0,0,0,0,0,0,1,0,0,0,0,0,2.40895285542295,0.962353321387736
1,3,1,1,0,2,0,0,0,0,0,1,0,0,1,0,0,0,0,0,0,0,0,0,0,1,-1.0861320370078515,-0.3573908580066095
1,2,0,1,1,3,0,1,1,0,0,0,0,0,1,0,0,0,0,0,0,0,0,0,0,1,-2.1398629503215636,-0.2708962687904854
0,3,0,0,0,1,0,0,0,0,1,0,0,0,1,0,0,0,0,0,0,0,0,0,0,1,0.2449747624498367,-0.5028639729296732
0,3,0,0,0,1,0,1,0,0,1,0,0,0,0,1,0,0,0,0,0,0,0,0,0,1,-0.4912239702111193,-0.4902797934380587
0,3,0,0,0,1,0,1,0,0,1,0,0,0,1,0,0,0,0,0,0,0,0,0,0,1,-0.8630415119590769,-0.48130374989027985
1,1,1,1,1,3,0,0,0,1,0,0,0,0,0,0,0,0,0,1,0,0,0,1,0,0,0.6985921633823451,1.0259447039291216
0,3,0,0,0,1,0,1,0,0,1,0,0,0,0,1,0,0,0,0,0,0,0,0,0,1,-0.6399509869103023,-0.47400492578514347
0,3,0,0,0,1,0,1,0,0,1,0,0,0,0,1,0,0,0,0,0,0,0,0,0,1,0.2449747624498367,-0.4863374216869257
1,3,0,0,0,1,0,1,0,0,1,0,0,0,0,0,0,0,0,0,0,0,0,0,0,1,0.17804760493520444,0.48910360681684706
1,1,0,0,0,1,0,0,0,0,1,0,0,0,0,0,0,0,0,0,0,1,0,0,0,0,0.2449747624498367,-0.05042144409739929
0,3,0,0,0,1,0,1,0,0,1,0,0,0,0,0,0,0,0,1,0,0,0,0,0,1,-0.7143144952598939,-0.4888542575852486
0,2,0,0,0,1,0,1,0,0,1,0,0,0,0,0,0,0,0,1,0,0,0,0,0,1,-1.0117685286582598,-0.43700743807979686
1,1,1,0,0,1,0,0,0,1,0,0,0,0,0,0,0,0,0,0,0,0,0,0,0,1,0.029320588236021388,-0.024246350754841113
0,3,0,0,0,1,0,0,0,0,1,0,0,0,1,0,0,0,0,0,0,0,0,0,0,1,0.3639563758091832,-0.5188046047752911
0,3,0,0,0,1,0,1,0,0,1,0,0,0,0,1,0,0,0,0,0,0,0,0,0,1,-0.9374050203086685,-0.47400492578514347
0,3,0,0,0,1,0,1,0,0,1,0,0,0,0,0,0,0,0,1,0,0,0,0,0,1,0.9216826884311197,-0.49640476528021726
0,3,0,8,2,11,0,1,0,0,1,0,0,0,0,0,0,0,0,1,0,0,0,0,0,1,-1.861743429094091,0.7519458402879414
0,3,0,0,0,1,0,0,0,0,1,0,0,0,0,1,0,0,0,0,0,0,0,0,0,1,0.401138129983979,-0.4894421904510968
0,2,0,0,1,2,0,1,0,0,0,0,0,1,1,0,0,0,0,0,0,0,0,0,0,1,-0.11940642846316166,0.016023023618325298
1,1,1,1,0,2,0,0,0,0,0,1,0,0,0,0,0,0,0,0,0,1,0,0,0,0,0.14607129634488009,1.145663540471827
0,3,0,4,2,7,0,1,1,0,0,0,0,0,0,1,0,0,0,0,0,0,0,0,0,1,-1.9041306288533582,-0.01870931177853076
0,3,0,0,0,1,0,1,0,0,1,0,0,0,0,1,0,0,0,0,0,0,0,0,0,1,3.3013149556180483,-0.4918744606632361
0,3,1,1,1,3,0,0,0,1,0,0,0,0,1,0,0,0,0,0,0,0,0,0,0,1,-1.5323130871054005,-0.3414522396297103
1,1,1,0,1,2,0,1,0,1,0,0,0,0,0,0,0,0,0,1,0,0,1,0,0,0,-1.0117685286582598,0.14488502161245778
0,2,1,1,0,2,0,1,0,0,0,1,0,0,1,0,0,0,0,0,0,0,0,0,0,1,1.0704097051303028,-0.12491978668775715
1,3,1,0,1,2,0,1,0,0,0,1,0,0,0,1,0,0,0,0,0,0,0,0,0,1,-0.8630415119590769,-0.4601623283443675
1,1,1,1,1,3,0,1,0,0,0,1,0,0,0,1,0,0,0,0,0,0,0,0,0,1,1.1447732134798942,2.671117778445337
1,1,0,0,0,1,0,1,0,0,1,0,0,0,0,0,0,0,0,0,0,0,0,1,0,0,1.5909542635774434,-0.11384570873513637
1,3,1,0,3,4,0,0,0,0,0,1,0,0,1,0,0,0,0,0,0,0,0,0,0,1,-0.41686046186152775,-0.26066180729354516
0,3,0,0,0,1,0,0,0,0,1,0,0,0,1,0,0,0,0,0,0,0,0,0,0,1,0.2449747624498367,-0.5028639729296732
0,3,0,2,0,3,0,1,0,0,1,0,0,0,0,1,0,0,0,0,0,0,0,0,0,1,0.8473191800815282,-0.36435544630444866
0,2,0,1,0,2,0,1,0,0,1,0,0,0,1,0,0,0,0,0,0,0,0,0,0,1,-0.6399509869103023,-0.41687275089321363
1,1,1,0,0,1,0,1,0,0,0,1,0,0,0,0,0,0,0,0,0,0,1,0,0,0,1.3678637385286687,-0.1263453225405672
0,3,1,8,2,11,0,1,0,1,0,0,0,0,0,0,0,0,0,1,0,0,0,0,0,1,-1.861743429094091,0.7519458402879414
0,2,0,0,0,1,0,1,0,0,1,0,0,0,1,0,0,0,0,0,0,0,0,0,0,1,-0.41686046186152775,-0.3866707201133388
1,2,1,0,0,1,0,1,0,0,0,1,0,0,1,0,0,0,0,0,0,0,0,0,0,1,0.9216826884311197,-0.3866707201133388
1,2,1,1,0,2,0,0,0,1,0,0,0,0,0,0,0,0,0,1,0,0,0,0,0,1,-0.19376993681275317,-0.3693891181010945
0,1,0,0,0,1,0,1,0,0,1,0,0,0,0,0,0,0,0,1,0,0,0,0,0,0,0.10368409658561291,0.3682954836973478
0,3,0,0,0,1,0,1,0,0,1,0,0,0,0,1,0,0,0,0,0,0,0,0,0,1,0.2449747624498367,-0.45714212526638004
1,3,0,1,1,3,0,1,1,0,0,0,0,0,0,1,0,0,0,0,0,0,0,0,0,1,-1.9041306288533582,-0.4242561406845337
0,3,0,0,0,1,0,1,0,0,1,0,0,0,0,1,0,0,0,0,0,0,0,0,0,1,-0.2681334451623447,-0.4894421904510968
1,1,1,1,1,3,0,1,0,0,0,1,0,0,0,0,0,0,0,0,0,0,1,0,0,0,1.2935002301790772,0.40974072380221066
0,1,0,0,0,1,0,1,0,0,1,0,0,0,0,0,0,1,0,0,1,0,0,0,0,0,0.25241111328479593,-0.5477482176060045
0,3,0,0,0,1,0,1,0,0,1,0,0,0,0,1,0,0,0,0,0,0,0,0,0,1,1.2935002301790772,-0.46720946885967163
1,2,1,1,0,2,0,0,0,0,0,1,0,0,0,0,0,0,0,1,0,0,0,0,0,1,-0.11940642846316166,-0.16518916106092355
1,3,1,0,0,1,0,0,0,1,0,0,0,0,1,0,0,0,0,0,0,0,0,0,0,1,-1.0861320370078515,-0.5029485386158568
0,3,0,0,0,1,0,1,0,0,1,0,0,0,0,0,0,0,1,0,0,0,0,0,0,1,-0.7143144952598939,-0.45017955043725955
0,3,0,0,0,1,0,1,0,0,1,0,0,0,0,1,0,0,0,0,0,0,0,0,0,1,-0.7886780036094854,-0.4894421904510968
0,3,0,0,0,1,0,1,0,0,1,0,0,0,0,1,0,0,0,0,0,0,0,0,0,1,0.2449747624498367,-0.4894421904510968
1,1,1,0,1,2,0,0,0,0,0,1,0,0,0,0,0,0,0,0,0,1,0,0,0,0,1.962771805325401,1.0259447039291216
1,2,1,0,1,2,0,1,0,0,0,1,0,0,1,0,0,0,0,0,0,0,0,0,0,1,-0.3424969535119362,-0.12491978668775715
0,3,0,0,0,1,0,1,0,0,1,0,0,0,0,1,0,0,0,0,0,0,0,0,0,1,0.25241111328479593,-0.4894421904510968
0,3,1,0,0,1,0,1,0,1,0,0,0,0,0,0,0,0,1,0,0,0,0,0,0,1,-0.5655874785607108,-0.4366711888037809
0,2,0,0,0,1,0,1,0,0,1,0,0,0,0,0,0,0,0,1,0,0,0,0,0,1,-0.11940642846316166,-0.43700743807979686
0,3,0,0,0,1,0,1,0,0,1,0,0,0,0,0,0,0,0,1,0,0,0,0,0,1,-0.3424969535119362,-0.5064721088735089
0,3,1,0,5,6,1,0,0,0,0,1,0,0,0,1,0,0,0,0,0,0,0,0,0,1,0.6985921633823451,-0.06199888922968463
0,2,0,0,0,1,0,1,0,0,0,0,0,1,1,0,0,0,0,0,0,0,0,0,0,1,-0.19376993681275317,-0.3866707201133388
1,1,1,0,0,1,0,1,0,1,0,0,0,0,0,0,0,0,0,0,1,0,0,0,0,0,-0.7886780036094854,-0.04438103794142432
0,3,1,1,2,4,0,1,0,1,0,0,0,0,0,0,0,0,0,1,0,0,0,0,0,1,-1.4876949820956455,-0.17626323901354432
1,1,0,0,0,1,0,0,0,0,1,0,0,0,0,0,0,0,0,0,0,1,0,0,0,0,-0.2681334451623447,-0.04438103794142432
0,3,0,0,0,1,1,0,0,0,1,0,0,0,0,1,0,0,0,0,0,0,0,0,0,1,0.17804760493520444,-0.49237782784290063
